Conta,Data,Dias da semana,Tipo,Título
oficialpassaabola,2021-08-04 23:09:49,Quarta-feira,polls,
oficialpassaabola,2021-08-04 23:09:44,Quarta-feira,polls,
oficialpassaabola,2021-08-04 23:09:27,Quarta-feira,polls,
oficialpassaabola,2021-08-04 23:09:22,Quarta-feira,polls,
oficialmanualjr,2021-08-04 19:24:19,Quarta-feira,polls,
oficialmanualjr,2021-08-04 19:24:15,Quarta-feira,polls,
oficialmanualjr,2021-08-04 19:24:11,Quarta-feira,polls,
oficialmanualjr,2021-08-04 19:24:03,Quarta-feira,polls,
oficialmanualjr,2021-08-04 19:23:59,Quarta-feira,polls,
oficialmanualjr,2021-08-04 19:23:43,Quarta-feira,polls,
oficialmanualjr,2021-08-04 19:23:40,Quarta-feira,polls,
oficialmanualjr,2021-08-04 19:23:30,Quarta-feira,polls,
oficialmanualjr,2021-08-04 19:23:25,Quarta-feira,polls,
oficialmanualjr,2021-08-04 19:23:21,Quarta-feira,polls,
oficialmanualjr,2021-08-04 19:23:18,Quarta-feira,polls,
leamariajahn,2021-06-08 11:32:15,Terça-feira,polls,
wwwmlna,2021-05-31 12:55:29,Segunda,polls,
wwwmlna,2021-05-30 13:01:22,Domingo,polls,
wwwmlna,2021-05-29 19:34:53,Sábado,polls,
wwwmlna,2021-05-29 19:34:46,Sábado,polls,
wwwmlna,2021-05-29 19:34:43,Sábado,polls,
wwwmlna,2021-05-29 19:34:39,Sábado,polls,
wwwmlna,2021-03-31 13:23:01,Quarta-feira,polls,
wwwmlna,2021-03-30 23:31:33,Terça-feira,polls,
wwwmlna,2021-03-18 13:08:28,Quinta-feira,polls,
so_cafes,2021-02-17 03:24:13,Quarta-feira,polls,
mar_jory,2021-01-08 02:23:18,Sexta-feira,polls,
mar_jory,2021-01-08 02:23:13,Sexta-feira,polls,
mar_jory,2021-01-08 02:23:08,Sexta-feira,polls,
mar_jory,2021-01-04 00:17:55,Segunda,polls,
mar_jory,2021-01-04 00:17:54,Segunda,polls,
afrodite_atelie,2020-12-30 03:23:48,Quarta-feira,polls,
luciellenassis,2020-11-24 18:47:57,Terça-feira,polls,
avictoriaribeiro,2020-11-13 16:57:25,Sexta-feira,polls,
vivacultura_sp,2020-11-04 15:56:28,Quarta-feira,polls,
vivacultura_sp,2020-11-04 15:56:24,Quarta-feira,polls,
vivacultura_sp,2020-11-04 15:56:20,Quarta-feira,polls,
vivacultura_sp,2020-11-04 15:56:16,Quarta-feira,polls,
vivacultura_sp,2020-11-04 14:41:47,Quarta-feira,polls,
vivacultura_sp,2020-11-04 14:41:43,Quarta-feira,polls,
vivacultura_sp,2020-11-04 14:41:40,Quarta-feira,polls,
vivacultura_sp,2020-11-04 14:41:34,Quarta-feira,polls,
vivacultura_sp,2020-11-04 14:41:29,Quarta-feira,polls,
vivacultura_sp,2020-11-04 14:41:25,Quarta-feira,polls,
wwwmlna,2020-10-23 06:31:57,Sexta-feira,polls,
nandoreis,2020-07-31 23:05:10,Sexta-feira,polls,
wwwmlna,2020-07-10 05:06:44,Sexta-feira,polls,
primanzini,2020-07-06 04:26:07,Segunda,polls,
wwwmlna,2020-07-03 00:51:38,Sexta-feira,polls,
joicedelgado,2020-05-23 15:03:13,Sábado,polls,
joicedelgado,2020-05-06 01:43:56,Quarta-feira,polls,
naosalvo,2019-09-12 12:36:54,Quinta-feira,polls,
naosalvo,2019-09-12 12:36:49,Quinta-feira,polls,
naosalvo,2019-09-12 12:36:38,Quinta-feira,polls,
naosalvo,2019-09-12 12:36:30,Quinta-feira,polls,
naosalvo,2019-09-10 13:41:39,Terça-feira,polls,
naosalvo,2019-09-09 10:44:44,Segunda,polls,
forest_app,2019-08-28 04:16:02,Quarta-feira,polls,
forest_app,2019-08-27 13:04:31,Terça-feira,polls,
forest_app,2019-08-26 14:48:21,Segunda,polls,
forest_app,2019-08-23 04:17:45,Sexta-feira,polls,
forest_app,2019-08-22 20:54:34,Quinta-feira,polls,
hellmannsbr,2019-07-31 18:16:56,Quarta-feira,polls,
naosalvo,2019-07-20 15:18:09,Sábado,polls,
naosalvo,2019-07-20 15:15:04,Sábado,polls,
spotifybrasil,2019-07-13 20:42:19,Sábado,polls,
wwwmlna,2019-02-26 07:29:38,Terça-feira,polls,
essediafoifoda,2018-10-24 03:04:35,Quarta-feira,polls,
so_cafes,2018-08-05 12:19:19,Domingo,polls,
splovers,2018-06-28 13:37:50,Quinta-feira,polls,
naosalvo,2018-03-18 04:18:39,Domingo,polls,
bahlsilva,2018-02-27 10:32:26,Terça-feira,polls,
natalyneri,2020-10-07 16:52:08,Quarta-feira,quizzes,
livtraducoes,2020-09-20 19:58:17,Domingo,quizzes,
livtraducoes,2020-07-10 23:05:54,Sexta-feira,quizzes,
livtraducoes,2020-07-10 23:05:47,Sexta-feira,quizzes,
livtraducoes,2020-07-10 23:05:38,Sexta-feira,quizzes,
naosalvo,2019-09-10 13:42:40,Terça-feira,quizzes,
,2018-02-14 22:32:03,Quarta-feira,stories,Meu Deus que homi maravilhouso
,2018-02-14 22:22:25,Quarta-feira,stories,"I'm a black man in a white world
I'm a black man in a white world
I'm a black man in a white world
I'm a black man in a white world
I'm a black man in a white world
I'm a black man in a white world
I'm a black man in a white world
I'm a black man in a white world"
,2018-02-10 23:42:21,Sábado,stories,"Burguer de soja
Provolone
Champignon"
,2018-02-09 15:26:33,Sexta-feira,stories,
,2018-02-08 23:43:05,Quinta-feira,stories,
,2018-02-07 20:35:51,Quarta-feira,stories,Deus Ã© top
,2018-02-06 10:33:16,Terça-feira,stories,
,2018-02-04 19:59:32,Domingo,stories,Como que nunca tinha parado pra ouvir ele?! Thanks @fefer_ferreira
,2018-02-04 03:01:10,Domingo,stories,"BEJA EU
BEJA EU
ME BEJA?!?!"
,2018-02-01 22:01:34,Quinta-feira,stories,
,2018-02-01 20:42:51,Quinta-feira,stories,
,2018-02-01 19:00:53,Quinta-feira,stories,ZÃ© Trajano Ã© ð de mais!! Meudeuso
,2018-02-01 09:05:05,Quinta-feira,stories,Hoje terei que faltar no trabalho
,2018-01-31 20:03:28,Quarta-feira,stories,Quem foi que teve a ideia de fazer Nirvana pra crianÃ§a??
,2018-01-29 19:24:02,Segunda,stories,
,2018-01-29 16:09:45,Segunda,stories,Confesso que queira o band-aid da Hotwheels
,2018-01-26 20:46:09,Sexta-feira,stories,Deus Ã©
,2018-01-25 22:01:53,Quinta-feira,stories,"SÃ³ o meu Instagram que nÃ£o atualizou com os Gifs ð¢ Quero Gifs, carai"
,2018-01-25 19:18:08,Quinta-feira,stories,
,2018-01-24 12:41:11,Quarta-feira,stories,
,2018-01-22 00:46:10,Segunda,stories,
,2018-01-22 00:44:00,Segunda,stories,"Meu Deus, volta 2007"
,2018-01-21 20:29:05,Domingo,stories,"Acho que num entendi esse filme nÃ£o, mas a trilha Ã© muito boa"
,2018-01-21 18:54:18,Domingo,stories,ParabÃ©ns pra quem exagerou e fez 1kg de pipoca
,2018-01-21 15:49:40,Domingo,stories,Sempre some sÃ³ um pÃ© dessas desgraÃ§a!
,2018-01-21 14:26:54,Domingo,stories,LÃ³gico que chÃ¡ combina com esfirra!
,2018-01-20 13:40:20,Sábado,stories,
,2018-01-20 13:08:37,Sábado,stories,
,2018-01-20 00:23:15,Sábado,stories,
,2018-01-19 19:32:24,Sexta-feira,stories,
,2018-01-17 19:37:49,Quarta-feira,stories,Hello darkness my old friend!!!
,2018-01-17 10:59:31,Quarta-feira,stories,Make emo great again!
,2018-01-15 16:09:16,Segunda,stories,Kikitaconteceno???
,2018-01-14 01:55:19,Domingo,stories,2Â° round
,2018-01-13 20:51:15,Sábado,stories,
,2018-01-12 21:56:01,Sexta-feira,stories,
,2018-01-11 00:22:42,Quinta-feira,stories,PurÃª de abÃ³bora! Quibe de soja!
,2018-01-10 22:28:49,Quarta-feira,stories,Descascar isso aqui Ã© um cu do caraiu!
,2018-01-10 20:09:10,Quarta-feira,stories,VerÃ£o em SÃ£o Paulo Ã© ðÃ­ssimo
,2018-01-09 21:04:01,Terça-feira,stories,Panquequinha de grÃ£o de bico! ð»
,2018-01-09 12:01:49,Terça-feira,stories,"EstÃ¡ no hipoglÃ³s, merthiolate, sonrisal!"
,2018-01-09 11:20:39,Terça-feira,stories,"Foge que eu te encontro
Que eu jÃ¡ tenho asas
Isso lÃ¡ Ã© bom?!"
,2018-01-09 10:50:55,Terça-feira,stories,
,2018-01-09 07:51:36,Terça-feira,stories,SÃ³ vim dizer que estÃ¡ impossÃ­vel levantar da cama!
,2018-01-08 10:22:43,Segunda,stories,VerÃ£o Ã© top!
,2018-01-06 22:10:28,Sábado,stories,
,2018-01-04 20:04:19,Quinta-feira,stories,
,2017-12-31 13:08:38,Domingo,stories,
,2017-12-26 23:15:49,Terça-feira,stories,
,2017-12-25 21:24:40,Segunda,stories,Ai meu Deuso!! ðððððð
,2017-12-21 21:52:16,Quinta-feira,stories,Quem nÃ£o gosta de Star Wars vai toma no cu!!!!!!
,2017-12-21 21:51:17,Quinta-feira,stories,
,2017-12-20 09:57:32,Quarta-feira,stories,Um mÃªs de fÃ©rias Ã© pouco!!
,2017-12-19 18:42:10,Terça-feira,stories,
,2017-12-18 17:51:52,Segunda,stories,
,2017-12-18 16:43:45,Segunda,stories,
,2017-12-18 10:23:57,Segunda,stories,
,2017-12-17 20:45:27,Domingo,stories,Recomendo esse tutorial!!
,2017-12-17 20:44:50,Domingo,stories,
,2017-12-17 13:53:31,Domingo,stories,CafÃ© da manhÃ£!
,2017-12-17 03:26:16,Domingo,stories,
,2017-12-16 23:05:11,Sábado,stories,Burguer de grÃ£o de bico com pasta de ricota E Champignon
,2017-12-16 16:48:03,Sábado,stories,
,2017-12-16 15:23:19,Sábado,stories,
,2017-12-16 13:14:43,Sábado,stories,"Seguindo na meta de sÃ³ sair de casa com camisa de time ou regata, nessas fÃ©rias!"
,2017-12-13 18:45:06,Quarta-feira,stories,
,2017-12-13 18:42:50,Quarta-feira,stories,Alegria de pobre dura NADA! ðððð
,2017-12-13 18:39:45,Quarta-feira,stories,"Vamo Romarinho, Caraiu!!!!"
,2017-12-12 19:18:06,Terça-feira,stories,
,2017-12-12 04:01:41,Terça-feira,stories,"Dormiu a tarde, feladaputa?? Agora nÃ£o consegue mais dormir!"
,2017-12-08 14:37:38,Sexta-feira,stories,Perdi a desgraÃ§a do Ã´nibus! ðð½
,2017-12-08 12:47:47,Sexta-feira,stories,
,2017-12-08 04:28:19,Sexta-feira,stories,ððððð
,2017-12-08 03:05:17,Sexta-feira,stories,All in all is all we are
,2017-12-08 02:52:40,Sexta-feira,stories,
,2017-12-08 02:42:36,Sexta-feira,stories,"Noffa, Fernando Pessoa!"
,2017-12-07 15:20:38,Quinta-feira,stories,Almoso
,2017-12-07 12:01:37,Quinta-feira,stories,
,2017-12-06 19:11:03,Quarta-feira,stories,A cara de quem acabou de carregar 140kg de cimento e sÃ³ quer morrer!
,2017-12-06 15:15:15,Quarta-feira,stories,
,2017-12-06 15:13:13,Quarta-feira,stories,Fica a dica aÃ­ pra quem curte filme bÃ­blico: Os punhos de Jesus Jesus e Judas contra um exercÃ­cio de zumbis! Super recomendo
,2017-12-06 15:11:45,Quarta-feira,stories,
,2017-12-06 15:10:25,Quarta-feira,stories,
,2017-12-06 15:08:21,Quarta-feira,stories,
,2017-12-06 15:01:54,Quarta-feira,stories,
,2017-12-06 03:29:34,Quarta-feira,stories,AmanhÃ£ tenho que acordar 5:30 e nÃ£o consigo dormir!
,2017-12-05 21:22:58,Terça-feira,stories,Tem ninguÃ©m nessa desgraÃ§a! ð
,2017-12-05 18:14:04,Terça-feira,stories,Me sentindo um trouxa indo pra UNIFESP hj!
,2018-04-11 01:20:22,Quarta-feira,stories,Sad songs in subway mood
,2018-04-10 23:35:26,Terça-feira,stories,
,2018-04-09 16:52:19,Segunda,stories,@vansbrasil  me patrocina????
,2018-04-09 02:17:20,Segunda,stories,MeudeusdocÃ©u O que eu tÃ´ fazendo da minha vida?
,2018-04-09 02:16:06,Segunda,stories,Hoje vou dormir cedo
,2018-04-08 21:10:13,Domingo,stories,2Â° round
,2018-04-07 23:36:16,Sábado,stories,
,2018-04-07 23:33:23,Sábado,stories,Deus Ã©
,2018-04-07 22:30:10,Sábado,stories,Quem hidratou soja em grÃ£o no lugar de grÃ£o de bico?
,2018-04-07 22:24:07,Sábado,stories,
,2018-04-07 22:09:02,Sábado,stories,
,2018-04-07 19:18:20,Sábado,stories,
,2018-04-07 17:19:45,Sábado,stories,"Apaixonado por esse Ã¡lbum, Gzus"
,2018-04-07 16:57:14,Sábado,stories,
,2018-04-07 01:03:42,Sábado,stories,"Seu MotÃ´, acelera que minhas perna jÃ¡ estÃ£o doendo de ficar apertado aqii"
,2018-04-06 13:25:25,Sexta-feira,stories,Nada melhor....
,2018-04-05 02:58:13,Quinta-feira,stories,
,2018-04-01 21:00:57,Domingo,stories,Tenho a melhor tela de bloqueio do mundo!
,2018-03-31 21:13:18,Sábado,stories,Ai que saudade que eu sinto de tu tudinho
,2018-03-31 17:30:41,Sábado,stories,"Mitira, tÃ´ jogando video game e tomando cafÃ©"
,2018-03-31 17:29:51,Sábado,stories,Um homem fino! Ouvindo um bom jazz e tomando uma taÃ§a de vinho
,2018-03-31 00:09:15,Sábado,stories,
,2018-03-29 11:49:21,Quinta-feira,stories,
,2018-03-28 03:05:01,Quarta-feira,stories,
,2018-03-28 01:26:39,Quarta-feira,stories,
,2018-03-28 01:09:09,Quarta-feira,stories,
,2018-03-27 22:39:07,Terça-feira,stories,Grazas a Deus hoje sÃ³ demorei 3h pra chegar na UNIFESP
,2018-03-25 19:51:50,Domingo,stories,
,2018-03-25 18:57:54,Domingo,stories,
,2018-03-25 18:54:22,Domingo,stories,
,2018-03-25 18:38:01,Domingo,stories,
,2018-03-25 18:23:37,Domingo,stories,
,2018-03-25 14:42:56,Domingo,stories,
,2018-03-25 05:12:57,Domingo,stories,
,2018-03-25 02:52:18,Domingo,stories,
,2018-03-24 16:59:23,Sábado,stories,"Ai, que saudade que eu sinto de tu tudinho ð¶"
,2018-03-24 16:58:27,Sábado,stories,Que amanhÃ£ eu poste esse storie de novo!! 05/11/2016
,2018-03-24 15:06:29,Sábado,stories,Vai caraaaaaaaaaiiiiiiiiiiiiiuiiiiiuui
,2018-03-22 01:07:37,Quinta-feira,stories,24h de Rihanna!!
,2018-03-21 20:49:03,Quarta-feira,stories,
,2018-03-21 12:32:21,Quarta-feira,stories,
,2018-03-21 02:36:27,Quarta-feira,stories,SÃ³!!!
,2018-03-21 02:36:06,Quarta-feira,stories,SÃ³ posta esse diabo desse gato??
,2018-03-21 02:35:24,Quarta-feira,stories,
,2018-03-21 02:34:56,Quarta-feira,stories,
,2018-03-21 02:34:38,Quarta-feira,stories,
,2018-03-20 20:00:47,Terça-feira,stories,Ainda bem que nÃ£o marquei reuniÃ£o hj na Unifesp e posso faltar
,2018-03-20 10:11:10,Terça-feira,stories,Bom dia
,2018-03-20 02:58:06,Terça-feira,stories,AAAAAAAAAAHHHHHHHHHHHHHHHHHHUHHUHU
,2018-03-20 02:28:20,Terça-feira,stories,
,2018-03-20 02:25:25,Terça-feira,stories,
,2018-03-20 00:34:16,Terça-feira,stories,o gato andou em cima do teclado na hora de dar o nome pra mÃºsica
,2018-03-18 12:56:29,Domingo,stories,
,2018-03-16 11:17:19,Sexta-feira,stories,
,2018-03-16 11:16:35,Sexta-feira,stories,
,2018-03-15 11:30:30,Quinta-feira,stories,
,2018-03-15 02:24:31,Quinta-feira,stories,
,2018-03-14 09:43:14,Quarta-feira,stories,
,2018-03-12 23:49:07,Segunda,stories,
,2018-03-12 11:31:59,Segunda,stories,ðððððð
,2018-03-12 01:12:42,Segunda,stories,
,2018-03-12 01:07:00,Segunda,stories,
,2018-03-12 00:13:10,Segunda,stories,Deus Ã© Jacksparro26 nÃ£o
,2018-03-11 19:38:18,Domingo,stories,100% PUTASSO
,2018-03-11 19:37:33,Domingo,stories,Se orienta Jacksparro26 Sua hora vai chegÃ¡ malandrÃ£o
,2018-03-11 16:41:59,Domingo,stories,
,2018-03-11 15:49:20,Domingo,stories,Fela da puta!
,2018-03-11 15:44:01,Domingo,stories,"JACKSPARRO26 ROUBOU MINHA CONTA DA PSN. NUM POSSO MAIS JOGAR VÃDEO GAME.

ME CHAMEM PRA SAIR, PELAMORDEDEUS"
,2018-03-08 02:32:15,Quinta-feira,stories,
,2018-03-08 02:00:29,Quinta-feira,stories,
,2018-03-08 01:59:39,Quinta-feira,stories,
,2018-03-07 01:48:01,Quarta-feira,stories,
,2018-03-07 01:25:27,Quarta-feira,stories,"Ã a vista que meus olhos querem ter
Sem descansar nem adormecer
NÃ£o quero acreditar que vou gastar desse modo a vida
Olhar pro sol e sÃ³ ver janela e cortina"
,2018-03-06 20:45:55,Terça-feira,stories,Ersom
,2018-03-06 03:45:02,Terça-feira,stories,
,2018-03-06 01:46:37,Terça-feira,stories,I love the Smiths
,2018-03-05 22:25:54,Segunda,stories,
,2018-03-05 20:01:52,Segunda,stories,
,2018-03-05 02:30:31,Segunda,stories,
,2018-03-04 00:26:31,Domingo,stories,
,2018-03-01 03:28:53,Quinta-feira,stories,
,2018-03-01 02:06:40,Quinta-feira,stories,Pra dormir suave!
,2018-02-27 23:07:29,Terça-feira,stories,A UNIFESP Ã© top de mais! Demorar 2h30 pra chegar na faculdade e nÃ£o ter aula
,2018-02-27 21:48:08,Terça-feira,stories,
,2018-02-25 03:25:50,Domingo,stories,
,2018-02-24 18:36:25,Sábado,stories,"Vamo sair hj, princesa?? Eu pago!"
,2018-02-24 15:10:15,Sábado,stories,"Meu omelete Ã© o melhor do mundo.
Falo com propriedade"
,2018-02-24 02:25:52,Sábado,stories,
,2018-02-23 01:55:58,Sexta-feira,stories,
,2018-02-23 01:53:57,Sexta-feira,stories,"ðððððð ð
ð
ð
ð
ð ð
ð
ð
ð
ð"
,2018-02-22 15:06:16,Quinta-feira,stories,Boa tarde
,2018-02-22 02:38:17,Quinta-feira,stories,
,2018-02-21 20:56:10,Quarta-feira,stories,
,2018-02-21 11:06:46,Quarta-feira,stories,Bom dia
,2018-02-21 01:29:39,Quarta-feira,stories,
,2018-02-19 02:59:04,Segunda,stories,
,2018-02-19 02:52:24,Segunda,stories,Amarante Ã© o maior brasileiro vivo
,2018-02-19 02:46:10,Segunda,stories,"Os dias que eu me vejo sÃ³
SÃ£o dias que eu me encontro mais
E mesmo assim eu sei tÃ£o bem
Que existe alguÃ©m pra me libertar"
,2018-02-17 17:00:49,Sábado,stories,XavosÃ­ssima essa camisa!
,2018-02-15 21:13:14,Quinta-feira,stories,
,2018-06-01 00:18:57,Sexta-feira,stories,"Desce......
Sobe........
Desce......"
,2018-05-30 15:15:22,Quarta-feira,stories,"Less is more, love is blind
I don't know why,"
,2018-05-29 17:31:11,Terça-feira,stories,Mood: Fritano depois do almoso
,2018-05-29 11:51:48,Terça-feira,stories,"SÃ³ mÃºsica top, Rogerim Criatividade Ã© meu forte"
,2018-05-29 11:24:36,Terça-feira,stories,
,2018-05-28 02:59:57,Segunda,stories,Parece que alguÃ©m vai dormir no sofÃ¡ hoje ð¤·ð½ââï¸
,2018-05-28 02:32:25,Segunda,stories,MÃºsica pra danÃ§Ã¡ e chorÃ¡ ao mesmo tempo
,2018-05-28 02:19:08,Segunda,stories,
,2018-05-28 02:09:25,Segunda,stories,
,2018-05-26 23:45:42,Sábado,stories,
,2018-05-26 21:45:47,Sábado,stories,"Carai, olha que
Foda
Essa meia! Yaaaaaaaaaayyyyyyyyyyy ð»ð»"
,2018-05-26 18:38:53,Sábado,stories,
,2018-05-26 17:17:41,Sábado,stories,
,2018-05-26 16:17:49,Sábado,stories,Aquele almoÃ§o ð
,2018-05-26 01:28:57,Sábado,stories,"Como tem gente de nÃ£o gosta de star Wars, BeuDeus???????"
,2018-05-25 23:02:32,Sexta-feira,stories,
,2018-05-25 21:51:59,Sexta-feira,stories,Verdadeiro Han Solo tem que ser ð assim!
,2018-05-25 21:49:29,Sexta-feira,stories,"TÃ¡ errado um Han Solo feio, mano!"
,2018-05-25 20:53:47,Sexta-feira,stories,NÃ£o sou eu quem me navega Quem me navega Ã© o mar
,2018-05-24 17:07:53,Quinta-feira,stories,Conshowtivite
,2018-05-24 14:46:35,Quinta-feira,stories,Ainda cortei o dedo na janela
,2018-05-24 14:44:41,Quinta-feira,stories,Quebrei a janela do meu quarto ð¤ð½
,2018-05-24 14:38:40,Quinta-feira,stories,Yaaaaaaaaaayyyyyyyyyyy Me contratem
,2018-05-24 13:49:31,Quinta-feira,stories,"Mitira, nÃ£o Ã© ð nÃ£o.
TÃ¡ doendo meu olhinho"
,2018-05-24 13:19:09,Quinta-feira,stories,Conjuntivite Ã© ð
,2018-05-24 00:28:36,Quinta-feira,stories,Precisando de encanador Ã© sÃ³ chamÃ¡
,2018-05-22 20:56:20,Terça-feira,stories,Saudades dos pixo dessa parede! ð¢
,2018-05-22 02:58:37,Terça-feira,stories,"Alves, Daniel"
,2018-05-21 18:10:55,Segunda,stories,Boa tarde
,2018-05-21 10:16:55,Segunda,stories,Tinha que ser crime sair da cama hj
,2018-05-20 22:07:25,Domingo,stories,"Ooooooooh moÃ§a, namoradera"
,2018-05-20 20:55:19,Domingo,stories,Edi Rock ð
,2018-05-20 03:32:05,Domingo,stories,Onde eu tÃ´ xexus????
,2018-05-19 15:40:36,Sábado,stories,
,2018-05-18 23:11:15,Sexta-feira,stories,E o Gato
,2018-05-18 23:10:31,Sexta-feira,stories,Ãnica coisa boa do dia Ã© estar semi bebo
,2018-05-18 12:33:23,Sexta-feira,stories,
,2018-05-18 01:02:22,Sexta-feira,stories,
,2018-05-15 20:32:38,Terça-feira,stories,
,2018-05-15 13:47:34,Terça-feira,stories,
,2018-05-15 01:15:33,Terça-feira,stories,PirigÃ³tica
,2018-05-15 01:06:26,Terça-feira,stories,Meudeuso como eu amo essa mÃºsica
,2018-05-15 00:28:43,Terça-feira,stories,ððððððððððððððððððððððððððð
,2018-05-15 00:18:35,Terça-feira,stories,Aaaaaaaaahhhhhhhhhhhhhhhh
,2018-05-15 00:17:39,Terça-feira,stories,"Noffa, que fitness come panqueca de grÃ£o de bico!"
,2018-05-14 11:16:06,Segunda,stories,
,2018-05-14 03:08:38,Segunda,stories,
,2018-05-14 00:40:50,Segunda,stories,
,2018-05-13 20:52:42,Domingo,stories,
,2018-05-13 04:00:52,Domingo,stories,Sucessso
,2018-05-13 01:36:13,Domingo,stories,AlguÃ©m me embebeda hoje??
,2018-05-13 01:07:42,Domingo,stories,
,2018-05-13 00:41:27,Domingo,stories,Ãssimo
,2018-05-12 21:07:21,Sábado,stories,
,2018-05-12 14:58:47,Sábado,stories,Bom dia
,2018-05-12 03:28:10,Sábado,stories,
,2018-05-11 22:28:18,Sexta-feira,stories,0 vontades de ir pra aula
,2018-05-11 22:26:07,Sexta-feira,stories,E 16711617 copinhos de cafÃ© vazio
,2018-05-11 22:25:22,Sexta-feira,stories,Pelas minhas contas jÃ¡ sÃ£o 161716 fotos aqui
,2018-05-11 12:17:38,Sexta-feira,stories,
,2018-05-11 02:58:36,Sexta-feira,stories,"Tira a mÃ£o da minha barriguinha, disgraÃ§a!"
,2018-05-09 10:44:58,Quarta-feira,stories,Um sonho: pode ficar mais tempo aqui
,2018-05-08 20:06:51,Terça-feira,stories,O algoritmo tÃ¡ funcionando sim! Continuem assim
,2018-05-08 14:31:19,Terça-feira,stories,
,2018-05-07 21:35:27,Segunda,stories,
,2018-05-06 20:38:06,Domingo,stories,
,2018-05-06 18:23:02,Domingo,stories,
,2018-05-04 03:30:46,Sexta-feira,stories,
,2018-05-03 19:39:20,Quinta-feira,stories,Eu tenho o melhor teclado do mundo
,2018-04-29 01:13:51,Domingo,stories,SÃ³ tem fofuras nesse Instagram!
,2018-04-28 22:19:42,Sábado,stories,
,2018-04-28 19:54:53,Sábado,stories,
,2018-04-28 18:23:27,Sábado,stories,Por isso tem pelo de gato em TODAS minhas roupas
,2018-04-28 18:21:16,Sábado,stories,
,2018-04-28 04:08:14,Sábado,stories,Sextou!
,2018-04-27 22:10:30,Sexta-feira,stories,Beu Deus que som Ã© esse?!?!?! ð±ð±
,2018-04-27 21:59:07,Sexta-feira,stories,
,2018-04-25 19:15:06,Quarta-feira,stories,
,2018-04-24 12:03:52,Terça-feira,stories,Talvez o tÃªnis tenha machucado um pouquinho
,2018-04-23 21:30:29,Segunda,stories,Puke Xesus?????
,2018-04-23 15:39:44,Segunda,stories,"If she don't love me, what can I do? 
Just put on my best pair of shoes"
,2018-04-22 22:42:03,Domingo,stories,ðððððð
,2018-04-22 00:40:52,Domingo,stories,A histÃ³ria do homi que comprou um vÃ­deo game sÃ³ pra ouvir mÃºsica
,2018-04-21 19:03:57,Sábado,stories,Dias de GlÃ³ria!
,2018-04-20 02:32:00,Sexta-feira,stories,
,2018-04-18 22:11:10,Quarta-feira,stories,Tenho o melhor plano de fundo do zapzap
,2018-04-18 21:17:44,Quarta-feira,stories,Achei tendÃªncia
,2018-04-18 02:16:19,Quarta-feira,stories,
,2018-04-17 21:14:57,Terça-feira,stories,
,2018-04-17 11:17:16,Terça-feira,stories,Exaltando o frio!
,2018-04-16 16:36:18,Segunda,stories,Serasi???????
,2018-04-15 18:27:05,Domingo,stories,Beu Deus
,2018-04-15 17:23:19,Domingo,stories,Qual??
,2018-04-15 16:21:17,Domingo,stories,Pessoas de virgi sÃ£o organizadas.... ð¤ð¤ð¤ð¤
,2018-04-15 13:22:53,Domingo,stories,Tenho dois guarda roupas
,2018-04-15 03:40:00,Domingo,stories,
,2018-04-14 23:52:31,Sábado,stories,
,2018-04-14 06:12:43,Sábado,stories,Porque nÃ£o existe amanhÃ£
,2018-04-14 05:40:18,Sábado,stories,
,2018-04-12 20:30:20,Quinta-feira,stories,
,2018-07-23 02:00:49,Segunda,stories,Estou apaixonado por este homem
,2018-07-23 00:57:04,Segunda,stories,
,2018-07-22 17:43:10,Domingo,stories,
,2018-07-18 22:54:46,Quarta-feira,stories,
,2018-07-18 12:41:13,Quarta-feira,stories,Qual a funÃ§Ã£o dessa porra desse atalho?? JÃ¡ apertei isso umas 330x
,2018-07-17 17:16:36,Terça-feira,stories,
,2018-07-15 18:17:39,Domingo,stories,
,2018-07-15 16:19:03,Domingo,stories,
,2018-07-14 23:56:03,Sábado,stories,Caldo de mndjoca ð
,2018-07-14 19:14:34,Sábado,stories,Status: parei de arrumar a casa e tÃ´ danÃ§ano com o gato
,2018-07-14 19:03:58,Sábado,stories,"Joga tudo no liquidificador
Joga tudo entÃ£o lIQUIDIFICA
A DOR"
,2018-07-14 18:37:38,Sábado,stories,
,2018-07-14 16:07:28,Sábado,stories,
,2018-07-14 13:35:42,Sábado,stories,"Meu aniversÃ¡rio Ã© sÃ³ em setembro,
Mas jÃ¡ vou avisando pra vcs abrirem o crediÃ¡rio"
,2018-07-14 13:34:22,Sábado,stories,"Aceito de 
aniversÃ¡rio Gente!!!!"
,2018-07-13 11:43:50,Sexta-feira,stories,
,2018-07-12 22:16:18,Quinta-feira,stories,Dias de GlÃ³ria!
,2018-07-12 20:18:04,Quinta-feira,stories,"Da sÃ©rie: nÃ£o tÃ´ entendendo nada, mas tÃ´ fazendo cara de contemplaÃ§Ã£o"
,2018-07-12 14:24:16,Quinta-feira,stories,
,2018-07-12 00:52:46,Quinta-feira,stories,
,2018-07-11 23:55:35,Quarta-feira,stories,
,2018-07-11 20:15:57,Quarta-feira,stories,ðÃ­ssimo
,2018-07-11 02:02:16,Quarta-feira,stories,
,2018-07-09 16:20:57,Segunda,stories,Nunca mais vou beber
,2018-07-09 00:21:12,Segunda,stories,Queria ser fotogÃªnico pra mostrar o look!
,2018-07-08 16:11:57,Domingo,stories,Conheci hj e Ã© ð de mais
,2018-07-07 22:47:09,Sábado,stories,
,2018-07-07 20:04:39,Sábado,stories,
,2018-07-03 11:23:41,Terça-feira,stories,NÃ£o quero trabalhar
,2018-07-02 16:05:36,Segunda,stories,Vaaaaaaaaaaaaaaaaiiii braseeeeeeeeeeelll
,2018-07-01 12:22:58,Domingo,stories,Ahhhhhhmodeuso
,2018-06-30 22:30:26,Sábado,stories,MÃºsica que retrata melhor um sÃ¡bado: chorano e quereno pizza
,2018-06-30 03:19:27,Sábado,stories,
,2018-06-29 23:45:12,Sexta-feira,stories,CafÃ© da tarde
,2018-06-29 22:40:40,Sexta-feira,stories,Melhor rap da histÃ³ria Quem acha o contrÃ¡rio tÃ¡ errado
,2018-06-29 20:16:54,Sexta-feira,stories,
,2018-06-29 11:32:39,Sexta-feira,stories,
,2018-06-27 22:37:10,Quarta-feira,stories,Beu Deus
,2018-06-27 13:15:00,Quarta-feira,stories,ðerð
,2018-06-27 00:50:16,Quarta-feira,stories,Melhor mÃºsica que conheci esse ano
,2018-06-26 21:05:03,Terça-feira,stories,Hello darkness...
,2018-06-26 12:17:37,Terça-feira,stories,
,2018-06-26 10:57:21,Terça-feira,stories,"Imagens de
Dor"
,2018-06-26 00:55:34,Terça-feira,stories,Chuchu ao molho branco Burguinho de grÃ£o de bico Frango que sobrou de onti Soja ð
,2018-06-25 11:58:23,Segunda,stories,"Meu deus @brendonurie  Beu 
Deus!!!Â¡!!!1!Â¡11!!!!!Â¡!!!"
,2018-06-23 00:56:12,Sábado,stories,
,2018-06-22 16:17:37,Sexta-feira,stories,
,2018-06-22 15:14:58,Sexta-feira,stories,O ousado chegou!
,2018-06-22 01:23:37,Sexta-feira,stories,
,2018-06-22 00:44:41,Sexta-feira,stories,
,2018-06-22 00:40:03,Sexta-feira,stories,
,2018-06-21 23:51:18,Quinta-feira,stories,
,2018-06-21 10:32:59,Quinta-feira,stories,Num vou poder trabalhar hj
,2018-06-21 10:27:18,Quinta-feira,stories,Ãtimo despertador
,2018-06-19 12:40:03,Terça-feira,stories,
,2018-06-18 22:08:17,Segunda,stories,Saudades MTV
,2018-06-17 15:18:55,Domingo,stories,CafÃ© da manhÃ£ ð
,2018-06-16 21:46:04,Sábado,stories,
,2018-06-16 19:54:48,Sábado,stories,
,2018-06-16 17:37:31,Sábado,stories,Que delÃ­cia de almoso! Receita: pegue tudo que tem na geladeira e jogue na panela
,2018-06-16 14:54:45,Sábado,stories,
,2018-06-16 14:53:40,Sábado,stories,Olha isso xesus!!!!!11
,2018-06-16 14:52:58,Sábado,stories,Recebidos de hj
,2018-06-15 22:30:27,Sexta-feira,stories,
,2018-06-15 01:19:20,Sexta-feira,stories,
,2018-06-14 23:33:28,Quinta-feira,stories,
,2018-06-14 21:12:24,Quinta-feira,stories,ðerð
,2018-06-14 15:36:10,Quinta-feira,stories,"Geralmente nÃ£o hÃ¡ nada de mal
O problema Ã© a ressaca moral (...)
Ontem eu era leve faceira
Hoje eu nem me lembro das besteiras
E as vezes Ã© melhor nem lembrar"
,2018-06-14 03:10:03,Quinta-feira,stories,
,2018-06-14 02:06:06,Quinta-feira,stories,
,2018-06-14 00:49:05,Quinta-feira,stories,Dona Benedita ð
,2018-06-14 00:48:20,Quinta-feira,stories,"Vendo todas essas bandeirinhas do Brasil, fitinhas verde e amarela, rua pintada. 
SÃ³ consigo lembrar de uma coisa"
,2018-06-13 13:20:14,Quarta-feira,stories,
,2018-06-12 17:55:15,Terça-feira,stories,
,2018-06-12 01:05:09,Terça-feira,stories,
,2018-06-11 21:06:20,Segunda,stories,Me tornei aquilo que eu mais queria
,2018-06-11 12:43:44,Segunda,stories,
,2018-06-11 10:44:45,Segunda,stories,Hoje tÃ´ me sentindo ðerð
,2018-06-10 01:29:36,Domingo,stories,"Caldinho de 
MANDJOCA ð"
,2018-06-09 19:59:18,Sábado,stories,Toda aula eu escrevo uns comentÃ¡rios a lÃ¡pis no caderno! Acho que essa Ã© a frase que mais se repete
,2018-06-09 02:57:39,Sábado,stories,Deus Ã© ðerð
,2018-06-09 00:50:02,Sábado,stories,
,2018-06-08 17:57:19,Sexta-feira,stories,"Por que um raio cai?
Por que o sol se vai?
Se a nuvem vem tambÃ©m
Por que vocÃª nÃ£o vem?"
,2018-06-08 11:56:47,Sexta-feira,stories,
,2018-06-08 03:22:41,Sexta-feira,stories,Todo dia esse horÃ¡rio sou a Frances Ha
,2018-06-07 21:34:36,Quinta-feira,stories,Curti o lagarto! Quero colocar um bichinho nos meus trabalhos tambÃ©m!
,2018-06-07 20:54:51,Quinta-feira,stories,
,2018-06-07 17:38:29,Quinta-feira,stories,"CafÃ© tÃ¡ quente no fogo
Barriga nÃ£o tÃ¡ vazia
Quando mais simplicidade
Melhor o nascer do dia"
,2018-06-07 13:53:21,Quinta-feira,stories,Bom dia
,2018-06-07 11:27:29,Quinta-feira,stories,Atrasadssss
,2018-06-05 23:46:06,Terça-feira,stories,Salvando a aula de bosta
,2018-06-05 23:27:00,Terça-feira,stories,Uma espinha fedorenta Odor saindo
,2018-06-05 20:57:50,Terça-feira,stories,
,2018-06-05 12:14:34,Terça-feira,stories,"Se perde o foco ou se bate o vazio
Ãgua salgada renova teu brio
Na frente do bloco ou do lado do trio
Pra ser feliz nÃ£o precisa elogio"
,2018-06-05 00:26:46,Terça-feira,stories,Um Homi phyno Nem parece que tÃ¡ bÃªbado numa segunda
,2018-06-03 00:58:43,Domingo,stories,2Â° round
,2018-06-02 23:31:25,Sábado,stories,Burguer de grÃ£o de bico com creme de gorgonshowla
,2018-06-01 15:53:35,Sexta-feira,stories,
,2018-06-01 14:37:43,Sexta-feira,stories,
,2018-06-01 13:57:52,Sexta-feira,stories,Bom dia
,2018-09-11 23:12:29,Terça-feira,stories,Novo bb
,2018-09-11 13:41:05,Terça-feira,stories,
,2018-09-11 03:25:23,Terça-feira,stories,
,2018-09-09 11:12:14,Domingo,stories,Bom dia
,2018-09-08 23:49:18,Sábado,stories,
,2018-09-08 23:47:34,Sábado,stories,Deus abenÃ§oe o rolÃª
,2018-09-08 23:15:21,Sábado,stories,Melhor capa
,2018-09-07 17:13:22,Sexta-feira,stories,
,2018-09-06 17:47:22,Quinta-feira,stories,
,2018-09-05 17:40:35,Quarta-feira,stories,
,2018-09-02 14:23:21,Domingo,stories,
,2018-08-31 17:55:21,Sexta-feira,stories,
,2018-08-30 14:39:03,Quinta-feira,stories,
,2018-08-30 13:50:33,Quinta-feira,stories,"Meu filho, jÃ¡ tÃ¡ na hora de lanÃ§ar outro Ã¡lbum"
,2018-08-30 12:18:07,Quinta-feira,stories,"Your eyes are the size of the moon
You could cause you can so you do
We're feeling so good"
,2018-08-29 22:57:30,Quarta-feira,stories,
,2018-08-29 22:11:00,Quarta-feira,stories,
,2018-08-29 17:45:05,Quarta-feira,stories,Socorro @deus SÃ³ me chamem pra rolÃª pra chupÃ¡ bala
,2018-08-29 11:24:26,Quarta-feira,stories,
,2018-08-28 21:25:46,Terça-feira,stories,
,2018-08-27 23:08:49,Segunda,stories,
,2018-08-27 04:08:53,Segunda,stories,Esperano ela responde as mensagi
,2018-08-26 22:14:08,Domingo,stories,Num quero
,2018-08-26 22:15:22,Domingo,stories,"Gente, eu vejo YouTube jantano. Num dÃ¡ pra ver essas coisa nÃ£o!"
,2018-08-26 22:13:53,Domingo,stories,Quero
,2018-08-26 21:33:28,Domingo,stories,
,2018-08-26 14:06:33,Domingo,stories,Bodia
,2018-08-24 20:47:28,Sexta-feira,stories,
,2018-08-23 17:27:46,Quinta-feira,stories,
,2018-08-22 00:14:57,Quarta-feira,stories,
,2018-08-21 22:20:10,Terça-feira,stories,O gerente tÃ¡ maluco
,2018-08-21 21:03:55,Terça-feira,stories,
,2018-08-21 02:58:39,Terça-feira,stories,
,2018-08-20 23:19:41,Segunda,stories,
,2018-08-18 19:15:16,Sábado,stories,
,2018-08-18 17:45:01,Sábado,stories,
,2018-08-18 17:42:29,Sábado,stories,
,2018-08-18 13:25:49,Sábado,stories,
,2018-08-17 22:51:29,Sexta-feira,stories,Sextou muito
,2018-08-17 21:50:05,Sexta-feira,stories,
,2018-08-17 21:27:26,Sexta-feira,stories,Serase exagerei?
,2018-08-16 22:53:40,Quinta-feira,stories,
,2018-08-16 20:10:50,Quinta-feira,stories,
,2018-08-16 14:36:50,Quinta-feira,stories,AAAAAAAAAAAAAAAAAAAAAAAAAAAAAAAAAAAAAAAAAAAAAAAAAAAAAAAAAAAA
,2018-08-16 13:44:28,Quinta-feira,stories,Bom dia
,2018-08-15 01:53:50,Quarta-feira,stories,
,2018-08-14 22:41:19,Terça-feira,stories,
,2018-08-13 14:58:43,Segunda,stories,Serase tÃ´ fritano??
,2018-08-11 00:28:09,Sábado,stories,Dias de GlÃ³ria
,2018-08-10 16:52:48,Sexta-feira,stories,
,2018-08-10 11:04:37,Sexta-feira,stories,
,2018-08-09 14:34:53,Quinta-feira,stories,
,2018-08-09 13:58:40,Quinta-feira,stories,
,2018-08-09 13:38:12,Quinta-feira,stories,Bom dia
,2018-08-08 00:33:20,Quarta-feira,stories,
,2018-08-08 00:26:48,Quarta-feira,stories,SÃ³ sei tirar foto com essa cara de trouxa
,2018-08-07 12:07:20,Terça-feira,stories,Bom dia
,2018-08-06 20:24:03,Segunda,stories,
,2018-08-06 18:28:45,Segunda,stories,Ouvir mÃºsica triste Ã© um caminho sem volta
,2018-08-06 18:13:18,Segunda,stories,Bateu
,2018-08-06 17:57:24,Segunda,stories,Boa tarde
,2018-08-05 23:02:41,Domingo,stories,"Muito bom ""Under the skin"" O Ãºnico problema Ã© que nÃ£o entendi
Nada"
,2018-08-05 02:31:02,Domingo,stories,
,2018-08-05 01:44:18,Domingo,stories,"jÃ¡ ouvi essa MÃSICA
1516151717176161x
Essa semana"
,2018-08-05 01:10:51,Domingo,stories,
,2018-08-04 23:21:58,Sábado,stories,
,2018-08-02 21:19:30,Quinta-feira,stories,
,2018-08-02 17:35:01,Quinta-feira,stories,
,2018-08-02 00:11:31,Quinta-feira,stories,
,2018-08-01 22:46:34,Quarta-feira,stories,Pq deu esse zoom de bosta?????
,2018-08-01 20:35:24,Quarta-feira,stories,
,2018-07-31 23:20:22,Terça-feira,stories,
,2018-07-31 01:22:26,Terça-feira,stories,
,2018-07-31 00:17:21,Terça-feira,stories,
,2018-07-29 21:00:14,Domingo,stories,
,2018-07-29 17:23:27,Domingo,stories,
,2018-07-29 17:13:05,Domingo,stories,Quando Deus te desenhooooo
,2018-07-29 06:02:49,Domingo,stories,@odanitos
,2018-07-29 05:58:34,Domingo,stories,@odanitos
,2018-07-29 05:38:45,Domingo,stories,@odanitos
,2018-07-29 05:00:11,Domingo,stories,Suave
,2018-07-29 04:53:54,Domingo,stories,@odanitos
,2018-07-29 04:44:55,Domingo,stories,@odanitos
,2018-07-29 04:30:53,Domingo,stories,Noite suaaaaave
,2018-07-29 04:29:53,Domingo,stories,@odanitos
,2018-07-29 02:58:47,Domingo,stories,In love por essa camisa xavosa
,2018-07-29 01:45:42,Domingo,stories,
,2018-07-28 17:33:02,Sábado,stories,
,2018-07-28 16:14:33,Sábado,stories,
,2018-07-27 20:37:24,Sexta-feira,stories,
,2018-07-27 20:17:38,Sexta-feira,stories,
,2018-07-26 22:45:47,Quinta-feira,stories,
,2018-07-26 00:40:52,Quinta-feira,stories,
,2018-07-25 02:55:14,Quarta-feira,stories,
,2018-07-24 15:00:16,Terça-feira,stories,"Uma das mÃºsicas mais tops que jÃ¡ ouvi na
Vida"
,2018-07-24 11:20:26,Terça-feira,stories,
,2018-07-24 00:55:51,Terça-feira,stories,ITIMALIA
,2018-07-23 02:20:56,Segunda,stories,
,2018-07-23 02:18:40,Segunda,stories,
,2018-07-23 02:18:10,Segunda,stories,O melhor pior clipe
,2018-11-12 17:46:21,Segunda,stories,Almoso
,2018-11-12 15:20:24,Segunda,stories,
,2018-11-11 19:39:38,Domingo,stories,MDS que jogo!!!!!!!!!!!
,2018-11-10 22:13:17,Sábado,stories,
,2018-11-08 00:09:42,Quinta-feira,stories,I9
,2018-11-06 15:44:38,Terça-feira,stories,Ache o gato
,2018-11-06 15:34:41,Terça-feira,stories,Oien
,2018-11-06 00:00:46,Terça-feira,stories,
,2018-11-05 18:22:04,Segunda,stories,Para dias nublados
,2018-11-05 16:19:26,Segunda,stories,
,2018-11-05 03:20:01,Segunda,stories,SÃ©rgio Moro:
,2018-11-04 18:41:38,Domingo,stories,
,2018-10-31 04:44:00,Quarta-feira,stories,
,2018-10-31 00:40:51,Quarta-feira,stories,"Nossa, qgora que tÃ´ em casa vou estudar tudo o que eu sempre quis..."
,2018-10-31 00:36:00,Quarta-feira,stories,
,2018-10-29 19:07:37,Segunda,stories,
,2018-10-29 18:55:47,Segunda,stories,
,2018-10-27 19:54:09,Sábado,stories,
,2018-10-27 17:03:40,Sábado,stories,Lazy day
,2018-10-27 00:34:09,Sábado,stories,
,2018-10-25 14:11:55,Quinta-feira,stories,
,2018-10-25 03:08:58,Quinta-feira,stories,
,2018-10-25 03:02:23,Quinta-feira,stories,Uma das fotos mais foda que jÃ¡ vi na vida By Mustafa Hassouna
,2018-10-25 02:10:36,Quinta-feira,stories,
,2018-10-25 02:10:35,Quinta-feira,stories,
,2018-10-25 02:10:34,Quinta-feira,stories,
,2018-10-24 12:23:29,Quarta-feira,stories,
,2018-10-24 04:00:34,Quarta-feira,stories,
,2018-10-23 12:28:45,Terça-feira,stories,SÃ³ toca top
,2018-10-22 21:26:57,Segunda,stories,Chega mais cedo no mÃ©dico. Vc nÃ£o vai ficar 1h plantado aÃ­ nÃ£o.
,2018-10-21 18:02:13,Domingo,stories,
,2018-10-21 14:41:32,Domingo,stories,"""A Ã¡rvore quando Ã© cortada
Chora e sofre de tal maneira
Pois vÃª que o machado que sangra seu tronco
TambÃ©m Ã© feito de madeira"""
,2018-10-20 23:49:32,Sábado,stories,
,2018-10-20 19:16:34,Sábado,stories,Eu amo a zona cerealista
,2018-10-19 20:05:48,Sexta-feira,stories,Um misto de tristeza e aimodeuso que lindico!!!!!!!
,2018-10-19 20:02:11,Sexta-feira,stories,"Xeeeente, tem minicapivara preta a venda na pet shop"
,2018-10-19 02:02:26,Sexta-feira,stories,
,2018-10-19 00:10:44,Sexta-feira,stories,
,2018-10-18 15:51:24,Quinta-feira,stories,
,2018-10-18 03:42:26,Quinta-feira,stories,Essa mÃºsica Ã© horrivelmente ð
,2018-10-16 20:58:21,Terça-feira,stories,
,2018-10-16 00:37:49,Terça-feira,stories,
,2018-10-14 22:47:40,Domingo,stories,"Nem sei como fiz esse degradÃª, mas ficou top"
,2018-10-14 01:59:24,Domingo,stories,Senhor..
,2018-10-13 21:29:34,Sábado,stories,Aaaaaaaaaaaaaaaaaaaaaaaaaaaaa
,2018-10-13 19:03:35,Sábado,stories,Aaaaaaaaaaaa
,2018-10-13 17:24:51,Sábado,stories,
,2018-10-12 12:37:36,Sexta-feira,stories,
,2018-10-11 14:33:23,Quinta-feira,stories,
,2018-10-11 00:54:49,Quinta-feira,stories,"Pesquisei e descobri que foi feito o B.O
E delegado deu essa entrevista pra BBC"
,2018-10-10 13:55:33,Quarta-feira,stories,
,2018-10-10 03:16:00,Quarta-feira,stories,
,2018-10-09 01:19:28,Terça-feira,stories,
,2018-10-09 00:07:03,Terça-feira,stories,Melhor parte da Unifesp sÃ£o as paredes
,2018-10-07 01:58:28,Domingo,stories,
,2018-10-06 20:43:08,Sábado,stories,Ai que saudade que eu tava de tu tudinho ðµ
,2018-10-06 20:26:09,Sábado,stories,Vamo sÃ£o Paulo caralho! Vai toma no cu palmeira sem mundial Hoje eu vo saÃ­ na mÃ£o com o Felipe Melo
,2018-10-05 02:48:43,Sexta-feira,stories,TÃ¡ moscano Ã© ladrÃ£o de merenda?!
,2018-10-05 00:23:09,Sexta-feira,stories,"Olha isso, bixoooooooooooo"
,2018-10-05 00:21:32,Sexta-feira,stories,Pq eu tenho as melhores meias do Brasel
,2018-10-05 00:20:45,Sexta-feira,stories,Duvido que vc tenha meias mais descoladas que as minhas
,2018-10-04 23:25:39,Quinta-feira,stories,
,2018-10-03 03:55:25,Quarta-feira,stories,
,2018-09-30 15:36:48,Domingo,stories,AlmoÃ§o
,2018-09-29 03:25:15,Sábado,stories,
,2018-09-29 03:22:59,Sábado,stories,
,2018-09-29 03:22:26,Sábado,stories,
,2018-09-26 21:16:48,Quarta-feira,stories,
,2018-09-26 14:47:36,Quarta-feira,stories,Mood:
,2018-09-26 14:04:20,Quarta-feira,stories,Serie: MÃºsicas ruins com tÃ­tulos bons
,2018-09-25 19:12:35,Terça-feira,stories,
,2018-09-25 14:10:21,Terça-feira,stories,
,2018-09-25 00:26:10,Terça-feira,stories,"Pior que isso sÃ³ Radiohead pra crianÃ§a Gente, essa mÃºsica fala de suicÃ­dio. TÃ¡ errado isso!"
,2018-09-25 00:21:40,Terça-feira,stories,"MÃºsica mais triste com arranjo feliz que eu conheÃ§o Gente, num dÃ¡ pra fazer mÃºsica com triÃ¢ngulo falando de morte da MÃE"
,2018-09-23 15:07:48,Domingo,stories,Melhor que isso sÃ³ essa versÃ£o de Californication
,2018-09-23 15:02:19,Domingo,stories,Meu Deus Ã tÃ£o ruim que Ã© bom
,2018-09-23 14:42:29,Domingo,stories,
,2018-09-21 12:09:42,Sexta-feira,stories,
,2018-09-20 22:01:29,Quinta-feira,stories,Topin
,2018-09-20 01:24:11,Quinta-feira,stories,Afasta de mim esse cÃ¡lice
,2018-09-18 23:05:44,Terça-feira,stories,
,2018-09-15 23:59:31,Sábado,stories,Tipo jack Daniels
,2018-09-15 22:47:02,Sábado,stories,
,2018-09-15 18:51:28,Sábado,stories,As veiz atrapalha um pouco
,2018-09-15 18:47:01,Sábado,stories,Me segue pela casa o dia todo
,2018-09-15 13:20:34,Sábado,stories,
,2018-09-14 20:45:33,Sexta-feira,stories,Apaxonado
,2018-09-14 15:21:20,Sexta-feira,stories,
,2018-09-14 02:27:27,Sexta-feira,stories,A vida Ã© uma questÃ£o de equilÃ­brio
,2018-09-14 01:58:37,Sexta-feira,stories,Meu sonho de princeso Ã© ir no show do Green Day
,2018-09-13 21:49:30,Quinta-feira,stories,AAAAAAAAAAAAAAAAAAAAAAA
,2018-09-13 21:44:21,Quinta-feira,stories,"Queria tirar uma foto bonita com a torrada e o pate que fiz, mas a realidade Ã© que quebrou tudo as torradinha"
,2018-09-13 21:37:45,Quinta-feira,stories,
,2018-09-13 21:30:50,Quinta-feira,stories,"NÃ³iz quer ser chique, mas abre vinho com parafuso!"
,2018-09-13 15:23:31,Quinta-feira,stories,Adoro os caminhos que o Spotify me leva
,2018-09-13 15:20:19,Quinta-feira,stories,
,2018-09-13 12:46:22,Quinta-feira,stories,"Num tava ligado nesse Ã¡lbum do Tim Guevara nÃ£o, bixo"
,2018-09-13 12:09:34,Quinta-feira,stories,
,2018-09-13 03:27:22,Quinta-feira,stories,AAAAAAAAAAAAAAAAAAAAAAAAAAAAAAAAAA
,2018-09-13 02:58:52,Quinta-feira,stories,
,2019-01-25 03:23:38,Sexta-feira,stories,
,2019-01-23 19:24:55,Quarta-feira,stories,
,2019-01-23 15:42:51,Quarta-feira,stories,"Gente, tÃ´ fazendo bico de design de sobrancelha.
Minha especialidade Ã© a navalha mesmo. 
Quem tiver interesse chama no direct"
,2019-01-20 21:21:40,Domingo,stories,
,2019-01-20 18:55:23,Domingo,stories,
,2019-01-20 17:14:41,Domingo,stories,
,2019-01-20 16:00:38,Domingo,stories,Domingou
,2019-01-19 22:50:24,Sábado,stories,
,2019-01-19 19:06:48,Sábado,stories,Que delÃ­cia essa cerveja com a @gaab_mo
,2019-01-16 23:35:35,Quarta-feira,stories,
,2019-01-16 14:20:01,Quarta-feira,stories,"Aparentemente existe TUDO, mesmo, da turma da Monica Mas achei fofo ser a capa do cascÃ£o por ter que regar sÃ³ 2x na semana"
,2019-01-15 16:11:48,Terça-feira,stories,Talvez eu precise cortar o cabelo
,2019-01-12 01:21:55,Sábado,stories,Larga o Tyler e casa comigo????? @c.syresmith
,2019-01-09 16:22:15,Quarta-feira,stories,
,2019-01-08 15:25:10,Terça-feira,stories,TÃ¡ moscano??
,2019-01-04 17:29:06,Sexta-feira,stories,Se esse nÃ£o Ã© o melhor Ã¡lbum da face da Terra eu num sei mais qual Ã©!
,2019-01-03 15:11:01,Quinta-feira,stories,
,2019-01-02 19:24:38,Quarta-feira,stories,"Caralho, essa versÃ£o Ã© maravilhouzer dimaix"
,2019-01-01 18:24:15,Terça-feira,stories,
,2018-12-29 21:56:02,Sábado,stories,
,2018-12-29 15:15:03,Sábado,stories,AAAAAAAAAAAÃAAAAAAAAAAAAAAAAAA AAAAAAAAAAAAAAAAAAAAAAAA
,2018-12-29 14:49:46,Sábado,stories,"Fica assim nÃ£o, mermÃ£o. 
JajÃ¡ a liberdade vai cantar pra tu!"
,2018-12-26 22:38:45,Quarta-feira,stories,
,2018-12-25 13:45:48,Terça-feira,stories,
,2018-12-25 04:38:59,Terça-feira,stories,Dia sem lei
,2018-12-24 01:40:29,Segunda,stories,
,2018-12-24 01:38:01,Segunda,stories,
,2018-12-23 02:23:24,Domingo,stories,Mood:
,2018-12-22 23:20:25,Sábado,stories,
,2018-12-22 17:55:19,Sábado,stories,
,2018-12-22 00:02:18,Sábado,stories,Help
,2018-12-21 23:03:49,Sexta-feira,stories,
,2018-12-21 21:58:25,Sexta-feira,stories,AÃ­ sim fomos surpreendidos
,2018-12-20 18:59:43,Quinta-feira,stories,
,2018-12-18 16:01:13,Terça-feira,stories,
,2018-12-18 05:48:37,Terça-feira,stories,
,2018-12-17 12:38:40,Segunda,stories,Queria ser amigo da Rihanna...
,2018-12-15 18:47:22,Sábado,stories,
,2018-12-15 01:13:13,Sábado,stories,
,2018-12-14 18:09:30,Sexta-feira,stories,Cada um com o seu
,2018-12-13 21:59:28,Quinta-feira,stories,"Viu @vegcats, cumpro o que eu falo! MDS Ã© muito legal essa mÃºsica! Ahauaha"
,2018-12-11 15:25:43,Terça-feira,stories,
,2018-12-10 15:51:07,Segunda,stories,
,2018-12-09 00:31:58,Domingo,stories,Ifood?????? Que???????????
,2018-12-08 23:21:51,Sábado,stories,Que folgada!!!!
,2018-12-08 23:20:22,Sábado,stories,"VÃ£o roubar meu celular!
Eu moro no JaraguÃ¡, moÃ§a!"
,2018-12-08 22:33:32,Sábado,stories,
,2018-12-08 21:58:46,Sábado,stories,
,2018-12-06 18:50:32,Quinta-feira,stories,Acho importante
,2018-12-06 18:47:22,Quinta-feira,stories,MDS
,2018-12-06 16:28:04,Quinta-feira,stories,
,2018-12-06 16:00:01,Quinta-feira,stories,Mais aleatÃ³rio que eu?
,2018-12-06 01:16:13,Quinta-feira,stories,
,2018-12-05 14:09:07,Quarta-feira,stories,
,2018-12-05 00:28:41,Quarta-feira,stories,AAAAAAOOOOOOOOOOOOOOOOOOOOOOOO SOFRÃNCIA!!!!!!!!!11
,2018-12-04 22:34:52,Terça-feira,stories,
,2018-12-04 22:17:33,Terça-feira,stories,"MDS, mas as pessoa grava a mÃºsica no banheiro de casa e bota no Spotify Se eu fosse o Pixies procesaava Sim, to ouvindo umas 10 versÃµes de here comes your man"
,2018-12-04 22:10:48,Terça-feira,stories,Mas gosto mesmo Ã© dessa versÃ£o
,2018-12-04 22:09:18,Terça-feira,stories,
,2018-12-04 21:26:40,Terça-feira,stories,
,2018-12-03 15:34:41,Segunda,stories,Oien
,2018-12-02 22:18:47,Domingo,stories,
,2018-12-02 22:02:44,Domingo,stories,
,2018-11-30 16:42:58,Sexta-feira,stories,
,2018-11-29 13:42:46,Quinta-feira,stories,
,2018-11-29 00:54:16,Quinta-feira,stories,Por isso que as pessoa baixa filme!!!!!!!
,2018-11-28 20:06:59,Quarta-feira,stories,
,2018-11-27 13:30:26,Terça-feira,stories,
,2018-11-27 12:02:36,Terça-feira,stories,Faz aÃ­ o sinal do Ronaldinho!!
,2018-11-27 00:23:30,Terça-feira,stories,Bateu
,2018-11-27 00:13:23,Terça-feira,stories,Aaaaaaaaaaaaaaaaaa
,2018-11-26 22:27:35,Segunda,stories,"Sou apaixonado por dois
Homi"
,2018-11-26 22:13:52,Segunda,stories,"Eu amo um
Homi"
,2018-11-26 19:02:46,Segunda,stories,
,2018-11-25 18:00:36,Domingo,stories,
,2018-11-25 15:29:43,Domingo,stories,
,2018-11-25 00:24:47,Domingo,stories,
,2018-11-24 02:05:39,Sábado,stories,
,2018-11-23 20:42:26,Sexta-feira,stories,
,2018-11-22 01:35:17,Quinta-feira,stories,"Gentes, aproveitem a
Black
November
NÃ£o percam as ofertas"
,2018-11-21 21:30:17,Quarta-feira,stories,
,2018-11-20 22:33:01,Terça-feira,stories,
,2018-11-20 16:30:15,Terça-feira,stories,
,2018-11-20 15:34:39,Terça-feira,stories,"Espero que o Spotify nunca
Arrume isso, pq toda vez eu dou risada do 
Tim Guevara"
,2018-11-19 22:33:01,Segunda,stories,
,2018-11-18 14:22:06,Domingo,stories,
,2018-11-17 19:13:36,Sábado,stories,"Jay z pau no cu!
Libera as mÃºsicas no spotify!!
MercenÃ¡rio safado!"
,2018-11-17 19:05:12,Sábado,stories,"FeijÃ£o nem por baixo e muito menos por cima! 
Sou do team taca tudo na panela e mistura"
,2018-11-17 06:06:54,Sábado,stories,
,2018-11-16 14:36:36,Sexta-feira,stories,
,2018-11-16 02:23:21,Sexta-feira,stories,
,2018-11-15 20:53:12,Quinta-feira,stories,Vai caraaaaaaaai
,2018-11-15 18:37:59,Quinta-feira,stories,
,2018-11-15 15:17:30,Quinta-feira,stories,"Paper boi
Paper boi"
,2018-11-14 02:16:24,Quarta-feira,stories,Olha issooooooooooooooooo
,2018-11-14 02:12:38,Quarta-feira,stories,
,2018-11-14 01:21:36,Quarta-feira,stories,"Fela da puta!
Tira esse pÃ© daqui!"
,2018-11-13 15:45:13,Terça-feira,stories,
,2018-11-13 00:45:43,Terça-feira,stories,"O que eu tÃ´ fazendo da minha vida, @Deus"
,2018-11-12 21:37:58,Segunda,stories,Xente mim passem aÃ­ uns site ð pra baixar uns filme por torrent!?!
,2019-04-13 16:42:09,Sábado,stories,"Pato Fu Ã© a maior banda desse festival! Quem discorda nÃ£o sabe nada de mÃºsica! O festival acontecerÃ¡ em Julho na praÃ§a do Pan, junto com a festa junina"
,2019-04-13 01:07:40,Sábado,stories,"PesadÃ­ssimo! CadÃª as letra?
Esqueceu a caneta?
SÃ³ fica cheirando em cima do CD de bases!"
,2019-04-12 19:26:48,Sexta-feira,stories,
,2019-04-11 02:23:49,Quinta-feira,stories,CÃ³Ã© otÃ¡rio!
,2019-04-11 02:21:58,Quinta-feira,stories,Normal
,2019-04-09 22:07:33,Terça-feira,stories,
,2019-04-08 23:52:46,Segunda,stories,
,2019-04-08 18:00:44,Segunda,stories,O novo Aladim
,2019-04-08 15:27:06,Segunda,stories,
,2019-04-08 05:16:30,Segunda,stories,
,2019-04-07 23:50:12,Domingo,stories,Tomei o CEl
,2019-04-07 23:22:30,Domingo,stories,Os HUMILHADOS EXALTADOS
,2019-04-07 21:47:55,Domingo,stories,AAAAAAAAAAAAAAAAAAAAAAAAAAHHHHHHAAAAAAAA
,2019-04-06 22:08:37,Sábado,stories,Foda Tinha que passar o vÃ­deo aqui nessa caraia! NÃ£o sÃ³ ficar a foto
,2019-04-06 18:41:37,Sábado,stories,
,2019-04-03 15:41:45,Quarta-feira,stories,Tinha que ter mais de duas opÃ§Ã£o aqui!
,2019-04-03 02:09:51,Quarta-feira,stories,"Pisa no meu coraÃ§Ã£o
SÃ³ nÃ£o pisa no boot
se nÃ£o viro o bixo!"
,2019-04-02 19:54:05,Terça-feira,stories,Um dos melhores Beats da histÃ³ria da face da porra da Terra toda!
,2019-04-01 02:54:35,Segunda,stories,Mas cÃª tÃ¡ brava?
,2019-03-31 19:35:16,Domingo,stories,
,2019-03-31 17:33:03,Domingo,stories,
,2019-03-30 20:31:16,Sábado,stories,
,2019-03-30 19:54:36,Sábado,stories,"Nossa, @gaab_mo escorreu uma lÃ¡grima aqui...."
,2019-03-30 19:49:53,Sábado,stories,"Incentive o dom dos seus amigos!! @gaab_mo  rainha!!
Gente vamo divulgar atÃ© esta bela voz chegar aos ouvidos da @sandyoficial"
,2019-03-30 17:24:51,Sábado,stories,
,2019-03-28 23:06:21,Quinta-feira,stories,
,2019-03-27 23:34:23,Quarta-feira,stories,A participaÃ§Ã£o do amigo internauta
,2019-03-27 22:42:57,Quarta-feira,stories,Vai SÃ£o Paulo!! Viva a pirataria! ð
,2019-03-26 20:30:33,Terça-feira,stories,
,2019-03-25 21:07:00,Segunda,stories,Hellow old oclinhos
,2019-03-24 22:46:20,Domingo,stories,Vdd
,2019-03-24 21:49:32,Domingo,stories,
,2019-03-24 01:07:06,Domingo,stories,
,2019-03-22 21:39:22,Sexta-feira,stories,
,2019-03-22 20:45:10,Sexta-feira,stories,
,2019-03-18 23:25:43,Segunda,stories,
,2019-03-18 22:49:15,Segunda,stories,"Mas geeeeeente... NÃ£o sei o que Ã© melhor, a capa ou o nome da mÃºsica"
,2019-03-16 17:55:00,Sábado,stories,
,2019-03-16 16:44:48,Sábado,stories,
,2019-03-15 19:54:05,Sexta-feira,stories,Sextou
,2019-03-14 20:22:24,Quinta-feira,stories,"Carai, num dÃ¡!
Num tem rap melhor do que dos Racionais!
Nem Jay Z
Nem Tupac
Nem Rafa Moreira!"
,2019-03-14 17:10:41,Quinta-feira,stories,
,2019-03-14 16:45:16,Quinta-feira,stories,
,2019-03-13 05:30:25,Quarta-feira,stories,
,2019-03-12 16:25:53,Terça-feira,stories,
,2019-03-12 01:49:59,Terça-feira,stories,"Muito fÃ¡cil de ler esse e-mail
Super jÃ¡ confirmei a conta"
,2019-03-11 23:02:17,Segunda,stories,Curtindo um sonzim
,2019-03-11 21:21:10,Segunda,stories,
,2019-03-11 21:13:15,Segunda,stories,@mahmundi  Ã© top DIMAAAAIX
,2019-03-11 04:01:09,Segunda,stories,Oi
,2019-03-10 01:32:58,Domingo,stories,Um bom fotÃ³grafo bÃªbado
,2019-03-09 04:04:51,Sábado,stories,"Nossa, mas ele amou! Itimalia"
,2019-03-08 03:21:46,Sexta-feira,stories,
,2019-03-06 01:58:54,Quarta-feira,stories,
,2019-03-06 00:34:38,Quarta-feira,stories,"3 dias de carnaval
0 dias arrumando o quarto"
,2019-03-05 16:32:06,Terça-feira,stories,
,2019-02-28 01:17:52,Quinta-feira,stories,
,2019-02-27 17:29:21,Quarta-feira,stories,
,2019-02-25 03:14:45,Segunda,stories,
,2019-02-23 05:21:02,Sábado,stories,
,2019-02-22 16:53:32,Sexta-feira,stories,[...] Precisam de um feat
,2019-02-22 16:00:52,Sexta-feira,stories,
,2019-02-22 01:55:02,Sexta-feira,stories,Quem ama perdoa ð
,2019-02-21 02:39:49,Quinta-feira,stories,
,2019-02-20 15:16:10,Quarta-feira,stories,"Me perdoa amor, fiz carinho nela, mas Ã© vc que eu amo"
,2019-02-20 03:40:42,Quarta-feira,stories,Mas cÃª tÃ¡ brava?
,2019-02-20 03:39:41,Quarta-feira,stories,Que porra de cheiro Ã© esse???? Tu tÃ¡ passando a mÃ£o nessas piranha da rua de novo???
,2019-02-20 03:33:33,Quarta-feira,stories,
,2019-02-20 03:32:30,Quarta-feira,stories,
,2019-02-20 02:13:16,Quarta-feira,stories,"Quer paz porra nenhuma
Tu sÃ³ nÃ£o quer ser incomodado Tu quer a ordem, que Ã© um tapete limpo sobre um mar de sangue no assoalho"
,2019-02-20 02:06:20,Quarta-feira,stories,Um brinde a meritocracia
,2019-02-18 18:29:00,Segunda,stories,MDS
,2019-02-17 18:45:43,Domingo,stories,
,2019-02-16 17:37:47,Sábado,stories,
,2019-02-15 18:02:31,Sexta-feira,stories,
,2019-02-15 17:50:05,Sexta-feira,stories,AAAAAAAAAAAA Pew pew pew pew
,2019-02-15 16:58:38,Sexta-feira,stories,Cat or catchorro?
,2019-02-14 19:37:38,Quinta-feira,stories,Mood de onti
,2019-02-10 20:56:36,Domingo,stories,"Minha amiga!
TÃ¡ solteira hein! 
Chama na zap: 98870-8623 @vegcats"
,2019-02-08 19:55:57,Sexta-feira,stories,
,2019-02-08 16:12:04,Sexta-feira,stories,
,2019-02-08 00:40:40,Sexta-feira,stories,Se essa nÃ£o foi a melhor Ã©poca da mÃºsica MUNDIAL eu nÃ£o sei mais qual foi...
,2019-02-07 22:39:13,Quinta-feira,stories,
,2019-02-07 22:21:39,Quinta-feira,stories,Se esse nÃ£o Ã© o Crossover mais troste do mundo eu nÃ£o sei mais qual Ã©!
,2019-02-07 21:51:05,Quinta-feira,stories,
,2019-02-07 21:45:08,Quinta-feira,stories,
,2019-02-07 21:44:16,Quinta-feira,stories,
,2019-02-07 21:43:53,Quinta-feira,stories,Sabe como tÃ¡ meu cabelo hoje??
,2019-02-06 14:50:18,Quarta-feira,stories,
,2019-02-05 20:39:42,Terça-feira,stories,
,2019-02-03 20:03:15,Domingo,stories,
,2019-02-03 19:49:24,Domingo,stories,
,2019-02-02 00:39:49,Sábado,stories,
,2019-01-31 23:16:22,Quinta-feira,stories,MeuDeus! Como toma gol do Guarani em 2min??????????
,2019-01-31 23:13:49,Quinta-feira,stories,"Aimeudeux, SP vai jogar jÃ¡ tava esquecendo!

Dexover o jogo!"
,2019-01-30 23:29:53,Quarta-feira,stories,Meu estilo musical Ã©: MÃºsicas trostes
,2019-01-30 16:23:01,Quarta-feira,stories,MDS como eu amo esse Ã¡lbum!
,2019-01-30 05:44:58,Quarta-feira,stories,AaAAAAAAAAAAOOOOOOOOOOHHHHHHHHH SOFRÃNCIA
,2019-01-29 16:23:04,Terça-feira,stories,Ctz que serÃ¡ a mÃºsica que mais ouvirei em 2019
,2019-01-29 16:22:03,Terça-feira,stories,"As mÃºsicas que a @lessalina me faz ouvir, bixo..."
,2019-07-06 01:39:44,Sábado,stories,TÃ´ com essa mÃºsica na cabeÃ§a faz uns 3 dia JÃ!
,2019-07-04 01:24:27,Quinta-feira,stories,
,2019-07-02 03:44:39,Terça-feira,stories,
,2019-06-28 04:11:37,Sexta-feira,stories,
,2019-06-27 05:51:09,Quinta-feira,stories,
,2019-06-26 20:35:08,Quarta-feira,stories,"Ahhh, mas que lecal isso"
,2019-06-26 15:01:23,Quarta-feira,stories,"Se apropriou sÃ³ de 500mil
Lhe faltava um pinho sol..."
,2019-06-24 00:44:58,Segunda,stories,
,2019-06-23 21:42:18,Domingo,stories,"Fogo nas loja de
Croassonho"
,2019-06-22 17:31:22,Sábado,stories,Torcendo por mais um vice argentino
,2019-06-22 15:14:53,Sábado,stories,
,2019-06-21 14:49:19,Sexta-feira,stories,
,2019-06-21 02:10:26,Sexta-feira,stories,
,2019-06-21 01:19:14,Sexta-feira,stories,Fica aÃ­ a dica!
,2019-06-19 04:20:20,Quarta-feira,stories,Se vc conhece mÃºsica mais triste que essa cÃª tÃ¡ errado!
,2019-06-19 04:10:02,Quarta-feira,stories,"Caralho, essa versÃ£o Ã© uma das mÃºsicas mais lindas que tem!"
,2019-06-18 23:52:07,Terça-feira,stories,
,2019-06-17 02:17:42,Segunda,stories,
,2019-06-14 23:50:26,Sexta-feira,stories,
,2019-06-14 14:26:15,Sexta-feira,stories,
,2019-06-13 17:07:37,Quinta-feira,stories,Vai brazeeeeeeel
,2019-06-12 21:48:07,Quarta-feira,stories,
,2019-06-11 16:23:13,Terça-feira,stories,"200% focado 
na leitura"
,2019-06-11 16:18:01,Terça-feira,stories,Concordo
,2019-06-11 05:27:54,Terça-feira,stories,
,2019-06-09 17:12:16,Domingo,stories,GolaÃ§o da porra
,2019-06-09 13:36:53,Domingo,stories,Vai Brazeeeel!!
,2019-06-08 22:47:51,Sábado,stories,
,2019-06-08 20:47:38,Sábado,stories,
,2019-06-06 13:38:14,Quinta-feira,stories,
,2019-06-06 13:32:13,Quinta-feira,stories,
,2019-06-06 13:32:11,Quinta-feira,stories,Bom dia
,2019-06-05 03:37:27,Quarta-feira,stories,
,2019-06-04 17:17:16,Terça-feira,stories,
,2019-06-04 04:02:07,Terça-feira,stories,Minha cara depois da entrevista
,2019-06-04 02:40:43,Terça-feira,stories,#davidlettermanshow
,2019-06-03 03:24:15,Segunda,stories,
,2019-06-03 03:21:33,Segunda,stories,Vdd
,2019-06-01 01:01:26,Sábado,stories,Ã sofrimento de mais pra um coraÃ§aum sÃ³
,2019-05-31 22:57:52,Sexta-feira,stories,
,2019-05-31 12:36:53,Sexta-feira,stories,Se essa nÃ£o Ã© a melhor mÃºsica do mundo eu nÃ£o sei mais qual Ã©
,2019-05-29 16:07:25,Quarta-feira,stories,
,2019-05-28 22:05:58,Terça-feira,stories,
,2019-05-28 18:49:47,Terça-feira,stories,
,2019-05-27 18:54:17,Segunda,stories,Eu tÃ´ sÃ³ o Pikachu in choque com esse teste!
,2019-05-25 15:33:36,Sábado,stories,
,2019-05-24 14:49:58,Sexta-feira,stories,Oien
,2019-05-24 01:03:33,Sexta-feira,stories,Onde o Witzel fez mestrado
,2019-05-23 16:55:37,Quinta-feira,stories,
,2019-05-23 16:21:21,Quinta-feira,stories,NÃ£o tÃ´ enxergando nada sem Ã³culos
,2019-05-23 14:11:33,Quinta-feira,stories,Aimodeuso
,2019-05-22 19:29:05,Quarta-feira,stories,
,2019-05-21 23:06:02,Terça-feira,stories,Montado no dinheiro e ces aÃ­ no veneno!
,2019-05-21 21:30:19,Terça-feira,stories,
,2019-05-21 14:46:06,Terça-feira,stories,TOMANOCU
,2019-05-20 21:08:54,Segunda,stories,
,2019-05-20 20:18:02,Segunda,stories,
,2019-05-18 19:00:35,Sábado,stories,
,2019-05-17 19:51:35,Sexta-feira,stories,"Geeeeeeente, mas kibesurdo!"
,2019-05-10 14:01:32,Sexta-feira,stories,O que eu vi
,2019-05-10 14:01:11,Sexta-feira,stories,O que eu queria ver na batalha de Winterfell
,2019-05-09 18:10:26,Quinta-feira,stories,
,2019-05-09 14:02:56,Quinta-feira,stories,Esse comeÃ§o de ano nois tÃ¡ como??????
,2019-05-08 15:41:44,Quarta-feira,stories,Nunca confiei nesse Marcelo Camelo!
,2019-05-05 20:15:39,Domingo,stories,
,2019-05-05 03:54:57,Domingo,stories,
,2019-05-05 01:21:48,Domingo,stories,
,2019-05-04 14:22:36,Sábado,stories,
,2019-05-04 14:21:18,Sábado,stories,
,2019-05-03 19:09:23,Sexta-feira,stories,
,2019-05-02 16:12:07,Quinta-feira,stories,
,2019-05-01 01:53:03,Quarta-feira,stories,
,2019-04-30 16:10:22,Terça-feira,stories,
,2019-04-29 22:41:41,Segunda,stories,
,2019-04-29 22:41:23,Segunda,stories,Filmaram o episÃ³dio de ontem de GOT com a cÃ¢mera do Instagram
,2019-04-28 01:29:56,Domingo,stories,
,2019-04-27 22:35:15,Sábado,stories,No climan
,2019-04-27 20:54:31,Sábado,stories,"Segue o lÃ­der

OTÃRIOS"
,2019-04-27 19:38:50,Sábado,stories,
,2019-04-26 23:53:46,Sexta-feira,stories,
,2019-04-25 23:35:45,Quinta-feira,stories,
,2019-04-25 00:00:28,Quinta-feira,stories,
,2019-04-25 00:00:04,Quinta-feira,stories,"A cÃ¢mera do Instagram

Ã horrÃ­vel!!"
,2019-04-24 21:14:16,Quarta-feira,stories,"O melhor das faculdade 
SÃ£o os pixo"
,2019-04-24 21:07:59,Quarta-feira,stories,Tour pelas faculdades de SP
,2019-04-24 19:25:19,Quarta-feira,stories,
,2019-04-24 15:40:21,Quarta-feira,stories,AtenÃ§Ã£o Estamos hÃ¡ 0 dias sem mamada
,2019-04-24 14:31:13,Quarta-feira,stories,
,2019-04-23 05:17:22,Terça-feira,stories,Olokinho bixoooooo
,2019-04-23 03:14:58,Terça-feira,stories,Manipula pesquisa âï¸
,2019-04-22 20:00:02,Segunda,stories,
,2019-04-22 17:04:48,Segunda,stories,Beba Ã¡gua
,2019-04-21 23:56:49,Domingo,stories,TÃ´ suave Ã© sÃ³ um jogo sÃ³
,2019-04-19 19:11:25,Sexta-feira,stories,Eu nÃ£o tenho um gato! Tenho um demÃ´nio dentro de casa!
,2019-04-17 06:20:31,Quarta-feira,stories,"Qualquer lugar onde, para ficar rico, tenha que deixar alguÃ©m mais rico Is america"
,2019-04-17 06:20:30,Quarta-feira,stories,This is america
,2019-04-17 02:28:59,Quarta-feira,stories,Como eu amo esses Ã¡udios! Ainda mais que o cara foi expulso do prÃ³prio grupo!!
,2019-04-14 00:45:16,Domingo,stories,
,2019-04-13 20:38:38,Sábado,stories,
,2019-04-13 17:25:44,Sábado,stories,
,2019-10-20 01:43:01,Domingo,stories,
,2019-10-19 15:00:30,Sábado,stories,
,2019-10-16 21:49:02,Quarta-feira,stories,
,2019-10-16 21:47:45,Quarta-feira,stories,
,2019-10-16 20:04:24,Quarta-feira,stories,
,2019-10-16 18:19:07,Quarta-feira,stories,Mano...
,2019-10-16 15:19:36,Quarta-feira,stories,
,2019-10-14 17:55:32,Segunda,stories,
,2019-10-14 00:50:22,Segunda,stories,
,2019-10-13 16:17:57,Domingo,stories,"Gente, muito boa essa Skol Beats 150bpm"
,2019-10-13 05:03:41,Domingo,stories,
,2019-10-13 05:01:11,Domingo,stories,
,2019-10-13 01:05:17,Domingo,stories,
,2019-10-11 22:27:19,Sexta-feira,stories,Cachorro do inferno
,2019-10-11 16:36:49,Sexta-feira,stories,
,2019-10-11 13:45:23,Sexta-feira,stories,Bom dia grupo
,2019-10-08 20:34:21,Terça-feira,stories,"Ainda bem que nÃ£o tenho 6384638 coisas para fazer, nÃ£o Ã© mesmo?"
,2019-10-08 17:34:59,Terça-feira,stories,
,2019-10-08 00:31:26,Terça-feira,stories,SÃ³ toca top
,2019-10-06 01:33:39,Domingo,stories,
,2019-10-05 22:27:16,Sábado,stories,
,2019-10-05 22:23:08,Sábado,stories,
,2019-10-05 02:48:39,Sábado,stories,
,2019-10-04 19:48:48,Sexta-feira,stories,
,2019-10-04 14:36:52,Sexta-feira,stories,"Gente, alguÃ©m tem o Office crackeado pra me imprestÃ¡?"
,2019-10-04 02:17:14,Sexta-feira,stories,AAAAAAAAAAHHHHHHHHHH
,2019-10-03 20:34:02,Quinta-feira,stories,Mano...
,2019-10-02 18:33:47,Quarta-feira,stories,"AlÃ´, @patofu  toca essa no dia 25 PELAMORDEDEUS"
,2019-10-01 15:35:52,Terça-feira,stories,
,2019-09-30 22:13:41,Segunda,stories,
,2019-09-29 20:12:15,Domingo,stories,
,2019-09-29 18:51:24,Domingo,stories,
,2019-09-27 23:58:06,Sexta-feira,stories,EU VO MATÃ A GALINHADA!
,2019-09-27 17:37:08,Sexta-feira,stories,
,2019-09-27 14:34:22,Sexta-feira,stories,
,2019-09-27 03:19:16,Sexta-feira,stories,"Tava ruim, mas agora parece que piorou"
,2019-09-23 20:23:57,Segunda,stories,
,2019-09-20 13:16:59,Sexta-feira,stories,
,2019-09-20 00:21:05,Sexta-feira,stories,
,2019-09-18 22:33:02,Quarta-feira,stories,K K K K  Â²
,2019-09-15 16:19:23,Domingo,stories,
,2019-09-15 15:58:03,Domingo,stories,
,2019-09-14 02:11:27,Sábado,stories,
,2019-09-13 15:16:24,Sexta-feira,stories,
,2019-09-11 15:46:24,Quarta-feira,stories,
,2019-09-11 15:43:16,Quarta-feira,stories,
,2019-09-11 15:42:41,Quarta-feira,stories,
,2019-09-09 10:58:58,Segunda,stories,Aitisolzinho gotozo
,2019-09-06 17:39:09,Sexta-feira,stories,
,2019-09-06 15:03:57,Sexta-feira,stories,
,2019-09-05 19:20:50,Quinta-feira,stories,
,2019-09-05 02:08:26,Quinta-feira,stories,
,2019-09-02 02:51:08,Segunda,stories,
,2019-09-02 02:49:58,Segunda,stories,100% fodase
,2019-08-31 18:00:14,Sábado,stories,
,2019-08-31 02:53:14,Sábado,stories,
,2019-08-29 23:48:29,Quinta-feira,stories,
,2019-08-25 19:01:08,Domingo,stories,
,2019-08-24 23:35:28,Sábado,stories,
,2019-08-24 18:35:33,Sábado,stories,
,2019-08-22 20:54:14,Quinta-feira,stories,
,2019-08-22 01:49:48,Quinta-feira,stories,DANIEL ALVES VAI GANHAR O TITULO NACIONAL EM TODOS OS PAÃSES QUE JOGOU!
,2019-08-21 22:36:30,Quarta-feira,stories,
,2019-08-21 21:58:36,Quarta-feira,stories,
,2019-08-21 21:22:54,Quarta-feira,stories,Omer erduras OuÃ§am o Didico e lembrem-se de:
,2019-08-21 00:48:37,Quarta-feira,stories,
,2019-08-19 23:00:04,Segunda,stories,
,2019-08-18 19:00:03,Domingo,stories,
,2019-08-18 18:02:41,Domingo,stories,
,2019-08-18 17:28:25,Domingo,stories,Freguesia...
,2019-08-16 04:09:02,Sexta-feira,stories,Mol legal que o @vitorisensee  encontrou uma sonoridade diferente de Forfun e Braza! Gostei
,2019-08-12 21:53:33,Segunda,stories,
,2019-08-12 03:08:07,Segunda,stories,
,2019-08-12 00:55:27,Segunda,stories,
,2019-08-12 00:51:50,Segunda,stories,
,2019-08-11 20:38:29,Domingo,stories,"porra Felipe 
kero MC tha *~*~~hackeadu~~*~*"
,2019-08-10 19:33:15,Sábado,stories,
,2019-08-07 18:26:04,Quarta-feira,stories,
,2019-08-07 03:12:56,Quarta-feira,stories,NÃ£otenho  maturidade pra esse tÃ­tulo e essa capa
,2019-08-07 02:52:00,Quarta-feira,stories,
,2019-08-06 00:08:48,Terça-feira,stories,
,2019-08-02 00:39:42,Sexta-feira,stories,
,2019-07-28 17:19:31,Domingo,stories,
,2019-07-27 15:01:47,Sábado,stories,
,2019-07-26 14:25:33,Sexta-feira,stories,
,2019-07-25 18:06:48,Quinta-feira,stories,Um curativo discreto
,2019-07-21 02:24:12,Domingo,stories,@_aryborges
,2019-07-20 01:11:12,Sábado,stories,
,2019-07-17 22:07:26,Quarta-feira,stories,
,2019-07-17 02:04:33,Quarta-feira,stories,
,2019-07-16 21:33:36,Terça-feira,stories,
,2019-07-14 00:00:28,Domingo,stories,Pra quem?
,2019-07-13 22:01:39,Sábado,stories,Pau no cu do paumera
,2019-07-11 19:54:52,Quinta-feira,stories,
,2019-07-10 14:31:52,Quarta-feira,stories,
,2019-07-07 20:36:25,Domingo,stories,
,2019-07-06 19:05:34,Sábado,stories,"A mÃºsica do 
FRANCISCO Cynar"
,2019-07-06 18:55:43,Sábado,stories,"A ota mÃºsica que conheÃ§o. Inclusive o clipe Ã©
Sensacional"
,2019-07-06 18:53:08,Sábado,stories,"Toda mÃºsica que samplea essa do Frank Sinatra Ã© foda! SÃ³ conheÃ§o 2 mÃºsicas que samplearam, mas se tiver mais Ã© foda tbm hahah"
,2019-07-06 18:08:29,Sábado,stories,"Imagens de dor e
Sofrimento"
,2020-02-11 17:34:54,Terça-feira,stories,Esse Ã© um dos melhores Ã¡lbuns da histÃ³ria! Quem discorda nÃ£o sabe de nada!
,2020-02-08 16:20:12,Sábado,stories,
,2020-02-08 16:05:35,Sábado,stories,
,2020-02-08 16:01:35,Sábado,stories,
,2020-02-06 19:46:34,Quinta-feira,stories,
,2020-02-06 19:42:37,Quinta-feira,stories,Tem que ser muito otÃ¡rio pra usar uma bandeira que representa supremacia branca estadunidense Aqui no Brasil
,2020-01-31 02:32:16,Sexta-feira,stories,Muito bavo!
,2020-01-30 21:52:18,Quinta-feira,stories,
,2020-01-28 14:14:04,Terça-feira,stories,
,2020-01-26 03:24:49,Domingo,stories,Melhor pastel do meu Brazel!
,2020-01-25 14:03:30,Sábado,stories,90 anos do mais querido
,2020-01-24 18:13:26,Sexta-feira,stories,O gato de vcs tambÃ©m tem cosquinha?
,2020-01-23 14:20:19,Quinta-feira,stories,Quando que vÃ£o inventar o limpador de para brisa pra Ã³culos?
,2020-01-22 17:46:46,Quarta-feira,stories,
,2020-01-22 15:40:23,Quarta-feira,stories,
,2020-01-18 03:56:00,Sábado,stories,
,2020-01-17 19:33:53,Sexta-feira,stories,
,2020-01-16 23:46:11,Quinta-feira,stories,
,2020-01-13 03:18:59,Segunda,stories,
,2020-01-12 03:56:23,Domingo,stories,
,2020-01-11 18:04:52,Sábado,stories,
,2020-01-11 16:54:21,Sábado,stories,
,2020-01-08 16:13:38,Quarta-feira,stories,
,2020-01-07 14:14:42,Terça-feira,stories,Finalmente o filtro dos afrobeges
,2020-01-06 17:44:44,Segunda,stories,
,2020-01-06 04:46:47,Segunda,stories,
,2020-01-02 23:36:42,Quinta-feira,stories,
,2020-01-01 01:27:46,Quarta-feira,stories,
,2019-12-31 21:08:38,Terça-feira,stories,
,2019-12-31 16:40:58,Terça-feira,stories,
,2019-12-29 00:36:13,Domingo,stories,
,2019-12-27 03:33:25,Sexta-feira,stories,AI MEU DDUS EU VO EXPLODI!!
,2019-12-26 08:50:25,Quinta-feira,stories,
,2019-12-25 20:54:20,Quarta-feira,stories,
,2019-12-25 17:58:00,Quarta-feira,stories,
,2019-12-25 13:46:11,Quarta-feira,stories,Finalmente um bom dia pra fazer passeio de barco
,2019-12-25 01:25:43,Quarta-feira,stories,
,2019-12-24 22:41:52,Terça-feira,stories,
,2019-12-24 20:47:21,Terça-feira,stories,Chique
,2019-12-24 16:54:06,Terça-feira,stories,
,2019-12-24 16:47:20,Terça-feira,stories,"PARA DE CHUVÃ, DISGRAÃA!!!!"
,2019-12-23 22:24:34,Segunda,stories,"Eae, @lessalina como foi a trilha?"
,2019-12-23 18:36:38,Segunda,stories,"Oi, tutopom?"
,2019-12-23 16:09:37,Segunda,stories,Clima Ã³timo para um passeio de barco
,2019-12-23 12:03:09,Segunda,stories,Blogueira!
,2019-12-23 01:24:48,Segunda,stories,
,2019-12-22 03:25:13,Domingo,stories,
,2019-12-22 01:45:09,Domingo,stories,
,2019-12-19 23:36:29,Quinta-feira,stories,Se eu tivesse na sala com o JJ Abrams...
,2019-12-19 14:01:33,Quinta-feira,stories,Decepcionado com
,2019-12-19 03:06:44,Quinta-feira,stories,COMEÃAAAAAAAAAAA
,2019-12-13 15:08:37,Sexta-feira,stories,
,2019-12-12 21:00:35,Quinta-feira,stories,100% nem aÃ­
,2019-12-10 18:39:25,Terça-feira,stories,
,2019-12-10 18:31:18,Terça-feira,stories,
,2019-12-05 14:24:15,Quinta-feira,stories,"Exijo recontagem de votos! Ctz que a mÃºsica mais ouvida foi
Essa"
,2019-12-04 19:37:35,Quarta-feira,stories,Nem numa reuniÃ£o de vilÃµes do capitÃ£o planeta tinha esse tipo de gente
,2019-12-04 19:35:45,Quarta-feira,stories,"Um jeito
 Novo De fazer 
polÃ­tica"
,2019-12-01 19:11:53,Domingo,stories,Esse dia foi loko
,2019-12-01 16:12:07,Domingo,stories,
,2019-11-29 01:47:20,Sexta-feira,stories,
,2019-11-29 01:12:50,Sexta-feira,stories,
,2019-11-28 17:06:06,Quinta-feira,stories,"Kanye West Ã© modinha! Rap gospel de qualidade Ã© expressÃ£o
Ativa"
,2019-11-28 16:58:27,Quinta-feira,stories,"Top 6 mÃºsicas gigantes (sem ordem)
- Jesus of suburbia
- essa aÃ­ do Jaden
- sou 157
- tÃ´ ouvindo alguÃ©m me chamar
- capÃ­tulo 4 versÃ­culo 3
- na dor de uma lÃ¡grima"
,2019-11-25 23:46:24,Segunda,stories,
,2019-11-25 16:54:41,Segunda,stories,O cachorro mais carente do Brazil
,2019-11-24 20:39:31,Domingo,stories,AtenÃ§Ã£o: liberaram a rinha de crianÃ§a!
,2019-11-22 08:02:02,Sexta-feira,stories,
,2019-11-21 16:16:45,Quinta-feira,stories,
,2019-11-20 21:51:22,Quarta-feira,stories,
,2019-11-19 18:06:42,Terça-feira,stories,
,2019-11-18 17:05:36,Segunda,stories,
,2019-11-18 12:56:25,Segunda,stories,Fizemos as pazes
,2019-11-18 02:00:48,Segunda,stories,Um gato manso...
,2019-11-15 01:04:18,Sexta-feira,stories,@oshun
,2019-11-11 01:42:11,Segunda,stories,
,2019-11-08 16:35:17,Sexta-feira,stories,
,2019-11-08 04:33:12,Sexta-feira,stories,
,2019-11-08 02:31:17,Sexta-feira,stories,
,2019-11-06 15:48:58,Quarta-feira,stories,
,2019-11-06 03:23:36,Quarta-feira,stories,
,2019-11-05 21:02:08,Terça-feira,stories,
,2019-11-05 20:59:16,Terça-feira,stories,
,2019-11-05 17:19:59,Terça-feira,stories,"Uma parte de mim tÃ¡: Guardiola tÃ¡ de historinha. Todo jogador lÃª o jogo Outra parte tÃ¡: carai o Messi Ã© o melhor jogador da histÃ³ria, vtnc!"
,2019-11-04 20:52:57,Segunda,stories,
,2019-11-02 13:56:57,Sábado,stories,
,2019-11-01 18:21:56,Sexta-feira,stories,Inclusive ouÃ§am Tom Morello sozinho tbm!
,2019-11-01 18:05:34,Sexta-feira,stories,"E o Rage Against que voltou, hein?!"
,2019-10-30 22:39:36,Quarta-feira,stories,
,2019-10-29 03:50:36,Terça-feira,stories,
,2019-10-29 00:48:55,Terça-feira,stories,
,2019-10-28 03:07:12,Segunda,stories,
,2019-10-26 01:18:53,Sábado,stories,@patofu
,2019-10-25 19:36:14,Sexta-feira,stories,
,2019-10-25 19:23:55,Sexta-feira,stories,
,2019-10-23 18:03:19,Quarta-feira,stories,
,2019-10-22 02:25:49,Terça-feira,stories,"Mano, vai toma no cu!
Essa mÃºsica Ã© uma das melhores mÃºsicas do mundon"
,2019-10-21 15:43:19,Segunda,stories,
,2019-10-20 16:52:54,Domingo,stories,
,2019-10-20 16:40:04,Domingo,stories,
,2020-05-21 23:09:58,Quinta-feira,stories,
,2020-05-20 13:41:01,Quarta-feira,stories,
,2020-05-19 20:38:41,Terça-feira,stories,
,2020-05-17 22:30:02,Domingo,stories,Domingo Especial: comidinhas de aniversÃ¡rio
,2020-05-17 22:08:30,Domingo,stories,
,2020-05-16 22:43:39,Sábado,stories,"Pronto, quarentena! TÃ¡ feliz?
Baixei o lolzinho"
,2020-05-16 18:15:41,Sábado,stories,
,2020-05-14 05:21:34,Quinta-feira,stories,Essa mÃºsica Ã© muito adolescente revolts! Mas Ã© muito boa!!!!1
,2020-05-13 15:22:46,Quarta-feira,stories,
,2020-05-12 16:54:41,Terça-feira,stories,EdaÃ­?!
,2020-05-12 03:32:26,Terça-feira,stories,46Âº dia de quarentena
,2020-05-10 21:14:58,Domingo,stories,
,2020-05-10 20:17:25,Domingo,stories,
,2020-05-10 18:54:32,Domingo,stories,Dia de pastels!
,2020-05-10 00:28:32,Domingo,stories,
,2020-05-07 23:37:05,Quinta-feira,stories,
,2020-05-06 19:15:34,Quarta-feira,stories,Final da Libertadores 2006 Jogo mais emocionante e troste que jÃ¡ assisti
,2020-05-05 01:16:39,Terça-feira,stories,"Caralho, eu odeio o JJ Abrams!"
,2020-05-04 19:09:26,Segunda,stories,Entre bater pÃªnalti e ajudar na briga...
,2020-05-03 23:37:13,Domingo,stories,
,2020-05-03 20:26:29,Domingo,stories,"Nossa, eu tava crente que ia sacolar todos os jogos na Copa depois desse!"
,2020-05-03 19:31:42,Domingo,stories,Ahazei
,2020-05-01 13:51:01,Sexta-feira,stories,
,2020-04-30 14:04:23,Quinta-feira,stories,
,2020-04-28 23:54:30,Terça-feira,stories,
,2020-04-28 17:03:12,Terça-feira,stories,"O sample desse pianinho Ã© muito
Foda"
,2020-04-27 19:35:46,Segunda,stories,
,2020-04-21 23:20:47,Terça-feira,stories,A live que que queria aconteceu! @patofu
,2020-04-19 18:26:02,Domingo,stories,
,2020-04-18 18:30:37,Sábado,stories,"Ha muitos anos tinha ouvido aquele Ã¡lbum mais famoso dos Mutantes e NUM ENTENDI NADA Mas nossa, esse aqui dÃ¡ de 10x0 no ""os mutantes""!"
,2020-04-18 17:49:40,Sábado,stories,
,2020-04-17 19:06:17,Sexta-feira,stories,"Depois lembrei de
outras mÃºsicas com F.
E essa Ã© bem melhor!"
,2020-04-17 03:40:44,Sexta-feira,stories,@monteir0l  @jairmessiasbolsonaro  @lulaoficial  @mike_breez  @papa_franciscofc
,2020-04-13 15:54:23,Segunda,stories,Um dos melhores Ã¡lbuns da historia
,2020-04-11 01:07:53,Sábado,stories,@djongador
,2020-04-11 00:39:29,Sábado,stories,Perdi a live do Hateen ð¢
,2020-04-08 11:54:43,Quarta-feira,stories,"R$2608,00 de gasolina..."
,2020-04-08 11:54:40,Quarta-feira,stories,
,2020-04-04 19:43:20,Sábado,stories,
,2020-04-03 18:47:32,Sexta-feira,stories,Pense num miojÃ£o que rendeu!
,2020-04-03 00:05:07,Sexta-feira,stories,
,2020-04-02 23:21:36,Quinta-feira,stories,Invejosos dirÃ£o que Ã© montagem!
,2020-04-02 21:20:58,Quinta-feira,stories,
,2020-03-30 02:40:48,Segunda,stories,
,2020-03-29 15:25:15,Domingo,stories,
,2020-03-28 15:05:50,Sábado,stories,
,2020-03-26 18:12:37,Quinta-feira,stories,
,2020-03-25 03:04:19,Quarta-feira,stories,
,2020-03-25 02:57:55,Quarta-feira,stories,
,2020-03-25 02:29:33,Quarta-feira,stories,Preparados pra festa!
,2020-03-25 02:01:57,Quarta-feira,stories,Agora eu sou Ã© alienado!
,2020-03-25 02:00:52,Quarta-feira,stories,
,2020-03-24 15:22:32,Terça-feira,stories,@patofu
,2020-03-24 15:11:50,Terça-feira,stories,
,2020-03-24 15:08:29,Terça-feira,stories,
,2020-03-24 15:07:32,Terça-feira,stories,
,2020-03-24 15:01:15,Terça-feira,stories,
,2020-03-20 13:11:00,Sexta-feira,stories,
,2020-03-19 17:08:50,Quinta-feira,stories,
,2020-03-18 14:22:38,Quarta-feira,stories,Dexo baixa rapidinho um animezinho aqui pra assistir...
,2020-03-18 01:07:42,Quarta-feira,stories,Bora passar raiva junto?
,2020-03-14 18:38:18,Sábado,stories,
,2020-03-14 13:30:03,Sábado,stories,
,2020-03-14 13:14:42,Sábado,stories,Rumo ao interior
,2020-03-12 19:51:17,Quinta-feira,stories,
,2020-03-12 15:26:25,Quinta-feira,stories,"FotÃ£o da poha! Hoje eu sÃ³ vou postar coisa do
SÃ£o Paulo"
,2020-03-12 11:06:39,Quinta-feira,stories,
,2020-03-12 03:31:46,Quinta-feira,stories,
,2020-03-11 20:39:57,Quarta-feira,stories,Hoje tem!
,2020-03-09 02:28:26,Segunda,stories,"EU VO MATÃ O 
BENINO
BOGLI!!!!"
,2020-03-07 19:07:32,Sábado,stories,
,2020-03-07 17:35:41,Sábado,stories,
,2020-03-07 12:28:39,Sábado,stories,"Um clÃ¡ssico de buteco:
Meio litro de cafÃ© com leite adoÃ§ado com meio quilo de aÃ§Ãºcar"
,2020-03-06 21:17:49,Sexta-feira,stories,
,2020-03-04 23:14:31,Quarta-feira,stories,
,2020-03-04 11:39:56,Quarta-feira,stories,Futebol sul-americano Ã© sensacional!
,2020-03-03 21:33:16,Terça-feira,stories,O tÃ©dio
,2020-03-03 18:23:35,Terça-feira,stories,TÃ¡ entre os 10 Ã¡lbuns mais tops da histÃ³ria dos Ã¡lbuns tops
,2020-03-01 15:26:07,Domingo,stories,
,2020-03-01 03:20:44,Domingo,stories,
,2020-02-25 20:09:23,Terça-feira,stories,
,2020-02-25 19:45:19,Terça-feira,stories,Vai carnavaaaaaaaaaaaaaa9
,2020-02-25 17:26:41,Terça-feira,stories,"TÃ´ chegando com os refro, rapaziada!"
,2020-02-24 01:15:19,Segunda,stories,VAI CARNAVAAAAAA@AAAL
,2020-02-24 01:06:20,Segunda,stories,Blogayra!
,2020-02-23 19:52:00,Domingo,stories,
,2020-02-23 18:12:47,Domingo,stories,
,2020-02-22 19:53:08,Sábado,stories,
,2020-02-22 15:47:21,Sábado,stories,"A melhÃ³ mÃºsica do
Brasil!"
,2020-02-20 20:31:18,Quinta-feira,stories,Num guento mais!
,2020-02-20 15:06:28,Quinta-feira,stories,
,2020-02-20 14:41:07,Quinta-feira,stories,ODEIO O VERÃO
,2020-02-17 18:09:41,Segunda,stories,
,2020-02-17 15:15:29,Segunda,stories,
,2020-02-15 23:02:26,Sábado,stories,
,2020-02-15 22:03:56,Sábado,stories,
,2020-02-13 19:36:03,Quinta-feira,stories,Talvez chova um pouco
,2020-02-13 02:41:42,Quinta-feira,stories,
,2020-02-11 17:39:18,Terça-feira,stories,"Inclusive ouÃ§am o Ã¡lbum solo do
Tom morelo Que tambÃ©m Ã© pika!"
,2020-02-11 17:38:04,Terça-feira,stories,
,2020-09-26 19:24:38,Sábado,stories,
,2020-09-25 03:11:56,Sexta-feira,stories,MDS...
,2020-09-24 15:14:48,Quinta-feira,stories,
,2020-09-23 03:24:20,Quarta-feira,stories,
,2020-09-21 05:20:51,Segunda,stories,
,2020-09-18 17:34:25,Sexta-feira,stories,
,2020-09-18 17:05:06,Sexta-feira,stories,"O ruim do spotify Ã© que num tem tudo tuuuuuudo.
Outra banda que eu acho que ninguÃ©m conhece Ã© impÃ©rio z/o
TÃ´ esperando entrar ""nobres guerreiros"" que Ã© o Ã¡lbum bÃ£o A outra era da suÃ©cia. Essa Ã© de uma parte mais distante do mundo, o jaraguÃ¡!"
,2020-09-18 16:57:22,Sexta-feira,stories,"Nossa, eu adorava essa banda hÃ¡ uns 10 anos atrÃ¡s e sÃ³ HOJE entrou no sPOTIFY
Ã© uma das poucas bandas que eu acho que ninguÃ©m conhece mas eu acho mol foda!"
,2020-09-17 21:55:10,Quinta-feira,stories,Quem mim dera
,2020-09-15 19:55:33,Terça-feira,stories,
,2020-09-15 19:02:30,Terça-feira,stories,Aguardando a reuniÃ£o de 20 anos no ano que vem!
,2020-09-15 17:15:12,Terça-feira,stories,Essa mÃºsica Ã© tÃ£o bonitinha
,2020-09-14 00:22:35,Segunda,stories,Dia de festa na piscina
,2020-09-08 11:14:34,Terça-feira,stories,
,2020-09-07 17:39:13,Segunda,stories,
,2020-08-31 13:28:27,Segunda,stories,"O VAR Ã uma grande falÃ¡cia de justiÃ§a
 O JÃ´ deu um soco no zagueiro do soco no zagueiro do SP e NINGUÃM na cabine viu! Num Ã© nem pq Ã© jogador do SP. Ã que o VAR Ã© zuado mesmo"
,2020-08-30 19:00:34,Domingo,stories,
,2020-08-30 18:46:02,Domingo,stories,
,2020-08-30 18:21:43,Domingo,stories,
,2020-08-30 14:23:51,Domingo,stories,
,2020-08-30 00:38:36,Domingo,stories,AmanhÃ£ tem!
,2020-08-29 20:06:30,Sábado,stories,
,2020-08-16 02:27:11,Domingo,stories,
,2020-08-16 01:46:48,Domingo,stories,"Um filtro que 
valoriza o olhar"
,2020-08-11 18:49:39,Terça-feira,stories,Unico album duplo com TODAS as mÃºsicas boa!
,2020-08-10 16:00:50,Segunda,stories,"""NÃ£o deixe o mar te engolir"" Ã© uma das maiores mÃºsicas do Brasil! Saudades sair do trabalho e ir na Americanas comprar CD"
,2020-08-10 15:55:29,Segunda,stories,E eu odiava essa de tantas vezes que ouvia ela na MalhaÃ§Ã£o!
,2020-08-10 15:54:13,Segunda,stories,"Tiquei tiqui prÃ³ tiquiprei! Nossa, eu amava esse album!"
,2020-08-10 15:42:41,Segunda,stories,
,2020-08-09 23:11:04,Domingo,stories,
,2020-08-06 01:43:16,Quinta-feira,stories,
,2020-08-03 22:56:48,Segunda,stories,Stonks Stonks Maluco recebeu 300k de caixa 2 e vai pagar 189k!
,2020-08-02 15:47:33,Domingo,stories,Domingou
,2020-08-01 19:29:42,Sábado,stories,"O Brown Ã©, de longe, um dos maiores artistas da histÃ³ria do Brasil! O Brown Ã©, de longe, um dos maiores artistas da histÃ³ria do Brasil!"
,2020-08-01 18:08:38,Sábado,stories,
,2020-07-31 00:32:43,Sexta-feira,stories,
,2020-07-30 01:30:11,Quinta-feira,stories,Num dÃ¡
,2020-07-29 23:58:01,Quarta-feira,stories,VOLTOU NUM NMEIO DUMA PANDEIMA PRA PERDER PRO MIRAÃOK
,2020-07-27 17:01:59,Segunda,stories,
,2020-07-26 23:37:18,Domingo,stories,Messi tocando violÃ£o enquanto o CR7 canta fodasi
,2020-07-26 21:20:35,Domingo,stories,
,2020-07-26 00:03:51,Domingo,stories,#brazalive
,2020-07-23 23:42:53,Quinta-feira,stories,Mood:
,2020-07-23 23:13:26,Quinta-feira,stories,
,2020-07-23 02:12:27,Quinta-feira,stories,
,2020-07-22 20:20:51,Quarta-feira,stories,
,2020-07-22 11:58:59,Quarta-feira,stories,
,2020-07-21 23:08:42,Terça-feira,stories,
,2020-07-21 16:17:37,Terça-feira,stories,
,2020-07-20 02:39:15,Segunda,stories,
,2020-07-19 22:48:55,Domingo,stories,
,2020-07-19 18:25:52,Domingo,stories,Gastei mol tempo botando roupa no Messi pra ele ficar de cueca e sapato social ð
,2020-07-19 18:15:05,Domingo,stories,Vai morar com o Cristiano Ronaldo!
,2020-07-19 17:44:44,Domingo,stories,Fazendo o Messi no The Sims
,2020-07-16 20:05:12,Quinta-feira,stories,
,2020-07-10 23:01:19,Sexta-feira,stories,"Os caras caÃ­ram no golpe do
PRÃNCIPE NIGERIANO! Quem que recebe um e-mail pedindo vÃ¡rias coisas em troca de MEIO TRILHÃO DE REAIS! E vai averiguar se Ã© vdd ou nÃ£o?!"
,2020-07-10 22:58:36,Sexta-feira,stories,"A GENTE TÃ VIVENDO NUM EPISÃDIO DE 
THE OFFICE"
,2020-07-06 21:34:50,Segunda,stories,Agora parece um boi albino!
,2020-07-06 21:33:40,Segunda,stories,Omodeuso! Que pequenininhon
,2020-07-06 14:56:22,Segunda,stories,Pogba Ã© foda! Pena que esse Manchester aÃ­ Ã© uma bosta!
,2020-07-05 18:50:47,Domingo,stories,
,2020-06-30 15:45:35,Terça-feira,stories,As pessoas se vestem melhor no inverno
,2020-06-28 23:15:46,Domingo,stories,Tem tambÃ©m barraca do beijo!
,2020-06-28 22:09:05,Domingo,stories,Tem atÃ© fogueira 4k
,2020-06-28 22:07:05,Domingo,stories,Domingo especial: Festa junina
,2020-06-28 00:26:22,Domingo,stories,
,2020-06-27 17:18:23,Sábado,stories,
,2020-06-27 17:18:20,Sábado,stories,
,2020-06-27 17:18:18,Sábado,stories,
,2020-06-27 17:18:15,Sábado,stories,
,2020-06-27 17:17:26,Sábado,stories,"Pense num time 
HONESTO"
,2020-06-25 17:32:19,Quinta-feira,stories,
,2020-06-19 14:26:09,Sexta-feira,stories,
,2020-06-17 18:55:19,Quarta-feira,stories,"Todo o contexto do Ã¡lbum.
Gravaram depois de serem presos, e vieram com esse Ã¡lbum pesadasso! Falando muito mais de maconha, liberdade de expressÃ£o, polÃ­tica e os caraiu Impressionado que o D2 escreveu essa mÃºsica em 15min"
,2020-06-17 18:47:22,Quarta-feira,stories,"Porra, esse Ã¡lbum Ã© muitooo foda! Top 5 dos Ã¡lbuns mais tops que jÃ¡ ouvi na vida, ctz!"
,2020-06-09 13:26:42,Terça-feira,stories,Minitapioquinha
,2020-06-08 16:36:39,Segunda,stories,"""Semana passada bateram no meu Chevette..."" ""E o cara ainda nÃ£o pagou..."""
,2020-06-08 16:36:08,Segunda,stories,"""entraram na minha casa e roubaram meu pleisteixo"" Essa Ã© minha parte prederida"
,2020-06-08 16:35:37,Segunda,stories,"E nÃ£o dÃ¡ pra esquecer desse hino! ""triste, mas nÃ£o me queixo"" - O Surto"
,2020-06-08 16:29:34,Segunda,stories,"21 anos desse 
Ã¡lbum ðster"
,2020-06-08 02:36:37,Segunda,stories,
,2020-06-06 22:04:55,Sábado,stories,"Gente, a lua tÃ¡ muito ð hoje. Olha que linda!"
,2020-06-06 02:23:06,Sábado,stories,
,2020-06-05 13:19:18,Sexta-feira,stories,
,2020-06-01 02:48:56,Segunda,stories,
,2020-05-31 21:49:27,Domingo,stories,"Domingo especial:
HambÃºrguer"
,2020-05-29 04:13:01,Sexta-feira,stories,
,2020-05-28 23:07:24,Quinta-feira,stories,A nota de repÃºdio que eu queria
,2020-05-26 02:05:54,Terça-feira,stories,â ï¸atenÃ§Ã£oâ ï¸ A MAMATA ACABOU
,2020-05-25 12:29:16,Segunda,stories,Acabou a mamata
,2020-05-25 02:48:20,Segunda,stories,
,2020-05-24 21:22:46,Domingo,stories,"Domingo especial:
Ãrabe"
,2020-05-24 21:08:02,Domingo,stories,Pipipi  Popopo Gringo nÃ£o liga pro Mundial...
,2020-05-24 19:32:05,Domingo,stories,"Mineiro
Bateu
Bateu
Bateu..."
,2020-05-24 19:05:25,Domingo,stories,E tem mais!
,2020-05-24 18:45:43,Domingo,stories,FranÃ§a era pika dimaixxxxz
,2020-05-24 17:55:38,Domingo,stories,
,2020-05-23 03:22:16,Sábado,stories,Boa Noite
,2020-05-23 02:06:58,Sábado,stories,
,2020-05-23 01:41:53,Sábado,stories,Bem adulto
,2021-03-07 02:28:40,Domingo,stories,
,2021-02-28 14:32:53,Domingo,stories,
,2021-02-28 02:43:46,Domingo,stories,"Primeira festa do apartamento.
Tema: Carnaval"
,2021-02-22 20:31:09,Segunda,stories,
,2021-02-19 13:44:30,Sexta-feira,stories,Sextou com S de
,2021-02-19 13:37:56,Sexta-feira,stories,BOM DIA CARALHOOOOOOOO99999OOOO
,2021-02-18 20:12:43,Quinta-feira,stories,
,2021-02-12 23:08:47,Sexta-feira,stories,CARALHOOOOOOOO9OOOOO
,2021-02-11 20:29:40,Quinta-feira,stories,ESQUECI DE BOTAR DENTRO DA MÃQUINA!!!!!!1!1!!!!!1!
,2021-02-11 20:28:54,Quinta-feira,stories,"Lavei a roupa
Deixa eu estender agora... KD A ROUPA??!!?!!???!"
,2021-02-11 16:58:36,Quinta-feira,stories,
,2021-02-07 22:57:01,Domingo,stories,
,2021-02-03 15:00:16,Quarta-feira,stories,"Nossa, eu amava as 2 versÃµes desse clipe! Saudades MTV"
,2021-02-03 14:28:07,Quarta-feira,stories,UM CLÃSSICO!!!
,2021-01-25 14:51:20,Segunda,stories,91 anos do mais querido
,2021-01-24 21:40:17,Domingo,stories,Faz tempo que nÃ£o tiro uma self
,2021-01-23 22:33:28,Sábado,stories,
,2021-01-23 22:31:57,Sábado,stories,
,2021-01-21 02:42:48,Quinta-feira,stories,"Botei essa camisa e falei:
VAI DA SORTE HOJE!"
,2021-01-20 03:33:15,Quarta-feira,stories,
,2021-01-19 01:32:04,Terça-feira,stories,
,2021-01-19 00:10:09,Terça-feira,stories,
,2021-01-17 19:01:26,Domingo,stories,"Depois de ver os pereba do Liverpool
Ã a hora da seleÃ§Ã£o do Diniz!"
,2021-01-17 17:51:18,Domingo,stories,Mas esse jogo tÃ¡ Ã© uma bosta!
,2021-01-17 17:47:04,Domingo,stories,Deus abenÃ§oe o Futemax!
,2021-01-17 14:41:21,Domingo,stories,"17-01-1942
03-06-2006"
,2021-01-15 20:54:35,Sexta-feira,stories,
,2021-01-15 14:45:24,Sexta-feira,stories,
,2021-01-13 01:43:59,Quarta-feira,stories,RAPAZ....
,2021-01-13 01:22:04,Quarta-feira,stories,Secando o time de pau no cu! Aparentemente tÃ¡ dando certo
,2021-01-08 17:10:06,Sexta-feira,stories,Que arte foda!
,2021-01-03 14:57:35,Domingo,stories,
,2021-01-01 01:10:30,Sexta-feira,stories,
,2020-12-31 22:30:06,Quinta-feira,stories,
,2020-12-26 17:58:05,Sábado,stories,
,2020-12-26 17:58:04,Sábado,stories,
,2020-12-26 03:36:21,Sábado,stories,
,2020-12-25 21:57:49,Sexta-feira,stories,"Oloco bicho
Que Viage TOP"
,2020-12-25 21:55:44,Sexta-feira,stories,
,2020-12-25 21:52:31,Sexta-feira,stories,Omodeus
,2020-12-25 01:06:45,Sexta-feira,stories,
,2020-12-24 23:08:26,Quinta-feira,stories,
,2020-12-19 04:17:26,Sábado,stories,Ainda bem que temos:
,2020-12-19 04:04:26,Sábado,stories,Hoje o Instagram me lembrou que eu odeio o JJ ABRAMS!
,2020-12-18 05:38:13,Sexta-feira,stories,
,2020-12-17 05:11:03,Quinta-feira,stories,Nunca critiquei!
,2020-12-15 02:41:36,Terça-feira,stories,Mds
,2020-12-15 02:40:53,Terça-feira,stories,Esse Ã© maravilhoso
,2020-12-15 02:38:38,Terça-feira,stories,"Mano, esses filtro nunca pega meu cabelo!"
,2020-12-13 16:57:01,Domingo,stories,NAO EXISTE GOL DE FALTA MAIS BONITO QUE ESSE!
,2020-12-12 02:06:05,Sábado,stories,
,2020-12-10 14:06:54,Quinta-feira,stories,
,2020-12-05 03:13:09,Sábado,stories,
,2020-12-04 01:03:56,Sexta-feira,stories,
,2020-12-03 23:47:21,Quinta-feira,stories,Pintou o campimÃ£o
,2020-12-02 13:07:18,Quarta-feira,stories,Mas o que mais ouvi mesmo esse ano foram os Podcasts
,2020-12-02 12:48:38,Quarta-feira,stories,Sempre acho mol dahora essa retrospectiva do Spotify
,2020-11-29 18:36:35,Domingo,stories,Tomando solzin
,2020-11-29 17:03:07,Domingo,stories,
,2020-11-25 23:41:43,Quarta-feira,stories,
,2020-11-25 17:27:48,Quarta-feira,stories,"Nunca o vi jogar. Mas admirava muito.
Pq, como jogador de futebol, acho que era a figura que mais representava o amor pelo esporte!"
,2020-11-24 17:56:46,Terça-feira,stories,
,2020-11-19 14:47:03,Quinta-feira,stories,
,2020-11-19 03:09:02,Quinta-feira,stories,
,2020-11-19 01:52:57,Quinta-feira,stories,PAU NO CU DO ROGÃRIO CENI
,2020-11-13 06:31:33,Sexta-feira,stories,
,2020-11-12 23:42:02,Quinta-feira,stories,Um anjinho
,2020-11-12 22:24:42,Quinta-feira,stories,
,2020-11-10 19:56:17,Terça-feira,stories,
,2020-11-10 04:19:45,Terça-feira,stories,"Geralmente nÃ£o gosto de remixes,
Mas esse ficou mol bom!"
,2020-11-08 00:41:31,Domingo,stories,
,2020-11-07 01:43:56,Sábado,stories,"Filme ruim que Ã© bom.
O filme Ã© sÃ³ uma sÃ©rie de clips de versÃµes das mÃºsicas dos Beatles. A histÃ³ria Ã© meio sem pÃ© nem cabeÃ§a. Mas as mÃºsicas sÃ£o muito boas!"
,2020-11-05 22:02:05,Quinta-feira,stories,ATA... 40 DOLARES UM ARTIGO...
,2020-11-05 02:20:47,Quinta-feira,stories,
,2020-11-01 21:34:54,Domingo,stories,"ClassificaÃ§Ã£o no feminino e
Goleada no masculino!"
,2020-10-31 20:00:45,Sábado,stories,AAAAAAAAAAAAAAAAAAAAAAAAAAAAAAAAAAAA
,2020-10-30 21:34:30,Sexta-feira,stories,
,2020-10-30 20:29:51,Sexta-feira,stories,
,2020-10-30 00:37:13,Sexta-feira,stories,"Fazia uma cota que nÃ£o ouvia Frusciante, mas ele lanÃ§ou um Ã¡lbum novo. Que Ã© bem chato. Umas eletrÃ´nica indie doida Mas voltei a ouvir bastante esse Ã¡lbum que Ã© TOP!"
,2020-10-28 01:11:06,Quarta-feira,stories,
,2020-10-27 15:10:29,Terça-feira,stories,
,2020-10-26 01:34:01,Segunda,stories,Assistindo o jogo do SÃ£o Paulo
,2020-10-24 21:59:53,Sábado,stories,
,2020-10-23 06:12:32,Sexta-feira,stories,Grande poeta Sacanagem
,2020-10-21 19:55:29,Quarta-feira,stories,AÃ­ Ã© foda...
,2020-10-21 19:10:17,Quarta-feira,stories,"Mano, 17x0 sÃ³ no primeiro tempo!"
,2020-10-19 23:10:05,Segunda,stories,"Muito bom esse filtro, recomendo!"
,2020-10-17 16:10:28,Sábado,stories,GolaÃ§o!!!
,2020-10-13 04:49:46,Terça-feira,stories,
,2020-10-12 02:03:16,Segunda,stories,
,2020-10-11 18:45:27,Domingo,stories,"PrÃ³ximo! Mesmo que descreva o personagem principal diferente, eu vou imaginar ele como o Will Smith"
,2020-10-11 18:34:10,Domingo,stories,Um dos livros mais bonitos que jÃ¡ li!
,2020-10-11 18:16:35,Domingo,stories,
,2020-10-11 18:05:48,Domingo,stories,E o dinizismo????!!!?
,2020-10-11 00:54:54,Domingo,stories,
,2020-10-09 16:09:47,Sexta-feira,stories,"Um dos que gosto 
de ouvir em dias nublados"
,2020-10-06 15:04:55,Terça-feira,stories,
,2020-10-03 21:01:15,Sábado,stories,#brazaleve
,2020-10-03 20:58:25,Sábado,stories,
,2020-10-01 14:21:07,Quinta-feira,stories,
,2021-07-31 14:32:29,Sábado,stories,
,2021-07-30 19:57:33,Sexta-feira,stories,
,2021-07-27 13:25:14,Terça-feira,stories,Finalmente iniciaram a vacinaÃ§Ã£o dos lindos em SP
,2021-07-26 11:55:22,Segunda,stories,
,2021-07-24 20:48:30,Sábado,stories,
,2021-07-21 12:56:47,Quarta-feira,stories,
,2021-07-21 02:52:24,Quarta-feira,stories,
,2021-07-20 16:55:14,Terça-feira,stories,Eu amo esses vÃ­deos que o Messi nunca cai
,2021-07-18 13:44:49,Domingo,stories,
,2021-07-17 22:10:01,Sábado,stories,
,2021-07-15 22:56:54,Quinta-feira,stories,BRABO!!
,2021-07-15 20:57:03,Quinta-feira,stories,
,2021-07-12 22:03:42,Segunda,stories,Rage against the machine com metais Ã© foda de mais!!
,2021-07-12 21:47:16,Segunda,stories,"Conheci o Dibob nesse Ã¡lbum!
Ficava vendo site de roupa de skate/surf e desenhando os logos das marcas ahha
No site da RipCurl tinha um player que tocava umas banda independente e uma delas era o Dibob"
,2021-07-10 16:24:53,Sábado,stories,Esse dia foi foda!
,2021-07-07 16:23:30,Quarta-feira,stories,
,2021-07-07 14:10:04,Quarta-feira,stories,
,2021-07-06 14:59:20,Terça-feira,stories,"SÃ£o Paulino na derrota ou no empate!
AtÃ© pq sÃ³ tem derrota ou empate nessa porra!!"
,2021-07-05 22:00:09,Segunda,stories,"Se nÃ£o rolar nada de 20 anos de banda esse ano
2021 serÃ¡ um ano perdido!!!!!!"
,2021-06-28 12:25:01,Segunda,stories,
,2021-06-24 16:41:56,Quinta-feira,stories,
,2021-06-22 12:13:43,Terça-feira,stories,
,2021-06-14 21:56:11,Segunda,stories,JÃ¡ quero uma camiseta jÃ¡!
,2021-06-12 23:42:57,Sábado,stories,
,2021-06-03 22:17:25,Quinta-feira,stories,"Eu sou o maior zikador do mundo, nÃ£o Ã© possÃ­vel! Ahauahahahhah FDP!"
,2021-06-03 22:16:18,Quinta-feira,stories,
,2021-06-03 01:14:52,Quinta-feira,stories,
,2021-06-01 15:05:42,Terça-feira,stories,"Tom Morello 
mestre supremo! Que maluco foda!;!!!1!1!1"
,2021-06-01 15:02:51,Terça-feira,stories,
,2021-05-29 20:55:02,Sábado,stories,
,2021-05-29 20:34:40,Sábado,stories,
,2021-05-29 16:55:56,Sábado,stories,
,2021-05-27 12:31:24,Quinta-feira,stories,Neblina ou poluiÃ§Ã£o?!!?!??
,2021-05-24 22:49:17,Segunda,stories,Seguindo a linha editorial desta conta
,2021-05-24 16:07:23,Segunda,stories,AtÃ© segunda ordem essa conta sÃ³ posta coisa do SÃ£o Paulo
,2021-05-24 12:08:24,Segunda,stories,"BOM DIA
FAMÃLIA"
,2021-05-24 00:45:49,Segunda,stories,
,2021-05-23 21:14:49,Domingo,stories,NO MORUMBI O BICHO PEGA!!
,2021-05-23 21:01:08,Domingo,stories,Aqui a festa nÃ£o acabou nÃ£o!
,2021-05-23 20:02:16,Domingo,stories,Ã o show do intervalo!
,2021-05-23 17:56:41,Domingo,stories,"Aqui jÃ¡ comeÃ§amo
 a festa do tÃ­tulo"
,2021-05-23 17:45:58,Domingo,stories,"NO MORUMBI
O BICHO PEGA!!!!"
,2021-05-20 15:13:00,Quinta-feira,stories,
,2021-05-17 14:26:39,Segunda,stories,Vamo SÃ£o Paulo TCHAKI TCHAKI!
,2021-05-17 01:55:07,Segunda,stories,
,2021-05-15 22:43:40,Sábado,stories,
,2021-05-15 12:21:57,Sábado,stories,Que passe maravilhoso do BenÃ­tez!
,2021-05-10 23:58:38,Segunda,stories,
,2021-05-10 23:24:30,Segunda,stories,MÃºsicas que tem um final foda que leva elas pra oto patamÃ¡:
,2021-05-10 23:23:30,Segunda,stories,MÃºsicas que tem um final foda que leva elas pra oto patamÃ¡:
,2021-05-10 23:02:30,Segunda,stories,"Vou adicionando as mÃºsicas que quero ouvir, mas parece que tÃ´ ouvindo no aleatÃ³rio ahahha"
,2021-05-08 00:25:11,Sábado,stories,
,2021-05-07 01:29:19,Sexta-feira,stories,Esse Ã© um dos melhores podcasts que conheÃ§o! A forma como ele conta as histÃ³rias Ã© sensacional!!
,2021-05-06 03:43:41,Quinta-feira,stories,"TÃ£o natural
Quanto a luz do dia"
,2021-05-06 00:50:47,Quinta-feira,stories,"Todo dia eu compartilhando
O Ã¡lbum que tÃ´ ouvindo enquanto faÃ§o janta"
,2021-05-04 16:05:59,Terça-feira,stories,
,2021-05-04 01:31:57,Terça-feira,stories,Segunda sem carne!
,2021-05-04 01:25:43,Terça-feira,stories,
,2021-05-04 00:04:40,Terça-feira,stories,"Esse vÃ­deo aparece TODO dia pra mim!
E toda vez eu quero dar umas 10 curtidas!
Que passe da poha!!!!"
,2021-05-03 03:16:31,Segunda,stories,"O POVO NAO Ã BOBO
ABAIXO A REDE GLOBO!!!!!!!"
,2021-05-03 01:34:27,Segunda,stories,ÃDOLO DIMAIS!!!!!
,2021-05-01 15:17:03,Sábado,stories,
,2021-04-30 00:15:31,Sexta-feira,stories,
,2021-04-29 15:38:08,Quinta-feira,stories,
,2021-04-27 19:17:08,Terça-feira,stories,
,2021-04-27 16:12:48,Terça-feira,stories,
,2021-04-26 23:01:35,Segunda,stories,
,2021-04-25 17:10:35,Domingo,stories,
,2021-04-22 23:53:50,Quinta-feira,stories,Um dos maiores mÃºsicos da histÃ³ria!
,2021-04-22 22:19:16,Quinta-feira,stories,Refletino sobre como uma mÃºsica pode ter um tema tÃ£o comum e memo assim ser legal!
,2021-04-21 03:11:25,Quarta-feira,stories,Um salve sÃ³ pra quem estreou com vitÃ³ria na Libertadores
,2021-04-20 02:15:35,Terça-feira,stories,
,2021-04-20 00:08:42,Terça-feira,stories,Puro luxo!
,2021-04-19 23:47:50,Segunda,stories,@lessalina
,2021-04-19 23:00:32,Segunda,stories,
,2021-04-19 22:56:49,Segunda,stories,ComeÃ§ou a festa de aniversÃ¡rio da @lessalina
,2021-04-19 21:45:59,Segunda,stories,"Mano, essa banda Ã© mol subestimada! As letra sÃ£o mol boa!
Ã o Rage Against the machine brasileiro!"
,2021-04-17 01:37:16,Sábado,stories,VAI CARAI!!!!!
,2021-04-14 04:58:04,Quarta-feira,stories,
,2021-04-13 19:32:18,Terça-feira,stories,Um olho no peixe e o outro no gato!
,2021-04-12 16:22:41,Segunda,stories,O BRABO! @movimentosemterra
,2021-04-11 01:43:44,Domingo,stories,
,2021-04-11 00:17:16,Domingo,stories,A exaltaÃ§Ã£o dos humilhados
,2021-04-10 18:04:31,Sábado,stories,"Mentira, Origens part 1 
Tem umas mÃºsica dahora!"
,2021-04-10 18:01:28,Sábado,stories,Ãnico Ã¡lbum bom do Edi Rock ð£ï¸ð£ï¸ð£ï¸ð£ï¸ð£ï¸ð£ï¸ð£ï¸ð£ï¸ð£ï¸ð£ï¸
,2021-04-01 21:52:14,Quinta-feira,stories,
,2021-03-31 19:37:14,Quarta-feira,stories,
,2021-03-27 20:15:04,Sábado,stories,
,2021-03-27 14:54:49,Sábado,stories,KI IMAGEM GOSTOSA!!!!
,2021-03-26 14:33:28,Sexta-feira,stories,"Nossa, jÃ¡ faz mais de 1 ano do discurso do ""histÃ³rico de atleta""!"
,2021-03-26 13:40:20,Sexta-feira,stories,
,2021-03-23 16:55:52,Terça-feira,stories,ESSE VIDEO Ã MARAVILHOSO!
,2021-03-21 18:42:57,Domingo,stories,E Ã© isso... Vamo voltar para o Snapchat
,2021-03-21 18:41:42,Domingo,stories,Tem filtro do Naruto fumante!
,2021-03-21 18:41:06,Domingo,stories,"Gente, tava usando o Snapchat agora.
Super recomendo todo mundo voltar pra ele!
Olha sÃ³ como os filtros estÃ£o funcionando bem!"
,2021-03-18 15:12:50,Quinta-feira,stories,"Esse vÃ­deo deve ter mais de 10 anos!
Mas, Ã© o que tÃ´ esperando da volta do Miranda!"
,2021-03-16 12:44:53,Terça-feira,stories,Encomende jÃ¡!
,2021-03-14 20:10:43,Domingo,stories,Primeira lasanha que faÃ§o!
,2021-03-11 14:43:49,Quinta-feira,stories,
,2021-03-09 00:41:02,Terça-feira,stories,
